t,value,ema17,ema1_ma2,ema1_ma3,ema2_ma1,ema2_ma2,filtered,,filtered,fifth,,forth,,third,,second,,first,,,
0,0.091415,0.085369,0.091415,0.091415,0.091415,0.091415,0.085369,627.13,0.085369,0.091415,632.383625,0.091415,628.86893,0.091415,623.989393,0.091415,615.744914,0.091415,539.089139,,<--avarege
0.001,-0.218781,0.132594,0.044886,0.029376,0.013866,-0.001644,0.132594,0.6827195,0.132594,0.001644,0.666675,0.013866,0.6710885,0.029376,0.675137,0.044886,0.6730495,0.075905,0.5986225,,<--mediana
0.002,0.405483,0.151654,0.098975,0.104597,0.11177,0.120494,0.151654,,0.151654,0.120494,,0.11177,,0.104597,,0.098975,,0.092384,,,
0.003,0.538081,0.174938,0.164841,0.191294,0.218348,0.24577,0.174938,,0.174938,0.24577,,0.218348,,0.191294,,0.164841,,0.114669,,,
0.004,-0.269766,0.165932,0.09965,0.099082,0.096319,0.091109,0.165932,,0.165932,0.091109,,0.096319,,0.099082,,0.09965,,0.095447,,,
0.005,-0.034219,0.202923,0.07957,0.072422,0.063685,0.053511,0.202923,,0.202923,0.053511,,0.063685,,0.072422,,0.07957,,0.088964,,,
0.006,0.415945,0.241001,0.130026,0.141126,0.15175,0.162241,0.241001,,0.241001,0.162241,,0.15175,,0.141126,,0.130026,,0.105313,,,
0.007,0.285074,0.28547,0.153283,0.169916,0.185081,0.199091,0.28547,,0.28547,0.199091,,0.185081,,0.169916,,0.153283,,0.114301,,,
0.008,0.361207,0.300746,0.184472,0.208174,0.229112,0.247726,0.300746,,0.300746,0.247726,,0.229112,,0.208174,,0.184472,,0.126646,,,
0.009,0.084881,0.285995,0.169533,0.183516,0.193055,0.198872,0.285995,,0.285995,0.198872,,0.193055,,0.183516,,0.169533,,0.124558,,,
0.01,0.572836,0.310174,0.230029,0.26138,0.288,0.311061,0.310174,,0.310174,0.311061,,0.288,,0.26138,,0.230029,,0.146972,,,
0.011,0.510272,0.349846,0.272065,0.311158,0.343568,0.370825,0.349846,,0.349846,0.370825,,0.343568,,0.311158,,0.272065,,0.165137,,,
0.012,0.270377,0.317448,0.271812,0.303002,0.32527,0.34069,0.317448,,0.317448,0.34069,,0.32527,,0.303002,,0.271812,,0.170399,,,
0.013,0.573517,0.353515,0.317068,0.357105,0.387332,0.410538,0.353515,,0.353515,0.410538,,0.387332,,0.357105,,0.317068,,0.190555,,,
0.014,0.375821,0.364796,0.325881,0.360848,0.384454,0.400123,0.364796,,0.364796,0.400123,,0.384454,,0.360848,,0.325881,,0.199818,,,
0.015,-0.003797,0.405473,0.276429,0.287919,0.287391,0.278947,0.405473,,0.405473,0.278947,,0.287391,,0.287919,,0.276429,,0.189637,,,
0.016,0.402168,0.396163,0.29529,0.310769,0.316086,0.315913,0.396163,,0.396163,0.315913,,0.316086,,0.310769,,0.29529,,0.200264,,,
0.017,0.059573,0.451752,0.259932,0.26053,0.251957,0.239011,0.451752,,0.451752,0.239011,,0.251957,,0.26053,,0.259932,,0.193229,,,
0.018,0.681805,0.497786,0.323213,0.344785,0.359419,0.371849,0.497786,,0.497786,0.371849,,0.359419,,0.344785,,0.323213,,0.217658,,,
0.019,0.485302,0.51349,0.347527,0.372888,0.39089,0.405885,0.51349,,0.51349,0.405885,,0.39089,,0.372888,,0.347527,,0.23104,,,
0.02,0.532327,0.552185,0.375247,0.404776,0.426249,0.443818,0.552185,,0.552185,0.443818,,0.426249,,0.404776,,0.375247,,0.246105,,,
0.021,0.470432,0.65061,0.389524,0.417907,0.437295,0.451802,0.65061,,0.65061,0.451802,,0.437295,,0.417907,,0.389524,,0.257321,,,
0.022,1.121743,0.706917,0.499357,0.558674,0.608407,0.652784,0.706917,,0.706917,0.652784,,0.608407,,0.558674,,0.499357,,0.300542,,,
0.023,0.776756,0.793491,0.540967,0.602291,0.650494,0.689976,0.793491,,0.793491,0.689976,,0.650494,,0.602291,,0.540967,,0.324353,,,
0.024,0.74626,0.820709,0.571761,0.631085,0.674436,0.706861,0.820709,,0.820709,0.706861,,0.674436,,0.631085,,0.571761,,0.345448,,,
0.025,0.801467,0.908547,0.606217,0.665161,0.706193,0.735243,0.908547,,0.908547,0.735243,,0.706193,,0.665161,,0.606217,,0.368249,,,
0.026,1.078873,0.91864,0.677115,0.747903,0.799363,0.838332,0.91864,,0.91864,0.838332,,0.799363,,0.747903,,0.677115,,0.40378,,,
0.027,1.021548,0.927973,0.72878,0.802632,0.85491,0.893297,0.927973,,0.927973,0.893297,,0.85491,,0.802632,,0.72878,,0.434669,,,
0.028,1.01189,0.867343,0.771247,0.844484,0.894155,0.928875,0.867343,,0.867343,0.928875,,0.894155,,0.844484,,0.771247,,0.46353,,,
0.029,0.981205,0.8759,0.80274,0.871828,0.915917,0.944574,0.8759,,0.8759,0.944574,,0.915917,,0.871828,,0.80274,,0.489414,,,
0.03,1.451511,0.901667,0.900056,0.987765,1.049816,1.096655,0.901667,,0.901667,1.096655,,1.049816,,0.987765,,0.900056,,0.537518,,,
0.031,0.643353,0.890664,0.861551,0.918882,0.9482,0.960664,0.890664,,0.890664,0.960664,,0.9482,,0.918882,,0.861551,,0.54281,,,
0.032,0.573098,0.838394,0.818283,0.849725,0.854425,0.844394,0.838394,,0.838394,0.844394,,0.854425,,0.849725,,0.818283,,0.544325,,,
0.033,0.454807,0.796878,0.763761,0.770742,0.75452,0.727518,0.796878,,0.796878,0.727518,,0.75452,,0.770742,,0.763761,,0.539849,,,
0.034,0.870889,0.802548,0.77983,0.790771,0.783612,0.770529,0.802548,,0.802548,0.770529,,0.783612,,0.790771,,0.77983,,0.556401,,,
0.035,1.029698,0.820078,0.817311,0.838557,0.845134,0.84828,0.820078,,0.820078,0.84828,,0.845134,,0.838557,,0.817311,,0.580066,,,
0.036,0.680432,0.795853,0.796779,0.806932,0.803958,0.797926,0.795853,,0.795853,0.797926,,0.803958,,0.806932,,0.796779,,0.585084,,,
0.037,0.503904,0.817956,0.752848,0.746326,0.728945,0.709719,0.817956,,0.817956,0.709719,,0.728945,,0.746326,,0.752848,,0.581025,,,
0.038,0.564875,0.875617,0.724652,0.710036,0.687927,0.666266,0.875617,,0.875617,0.666266,,0.687927,,0.710036,,0.724652,,0.580217,,,
0.039,1.074255,0.944044,0.777092,0.78288,0.784509,0.788663,0.944044,,0.944044,0.788663,,0.784509,,0.78288,,0.777092,,0.604919,,,
0.04,1.174033,0.978809,0.836633,0.86111,0.88189,0.904274,0.978809,,0.978809,0.904274,,0.88189,,0.86111,,0.836633,,0.633375,,,
0.041,1.185043,1.01645,0.888895,0.925897,0.957678,0.988505,1.01645,,1.01645,0.988505,,0.957678,,0.925897,,0.888895,,0.660958,,,
0.042,0.886487,1.065906,0.888534,0.918015,0.939881,0.957899,1.065906,,1.065906,0.957899,,0.939881,,0.918015,,0.888534,,0.672235,,,
0.043,1.207369,1.140029,0.936359,0.975886,1.006753,1.03274,1.140029,,1.140029,1.03274,,1.006753,,0.975886,,0.936359,,0.698991,,,
0.044,1.207504,1.187002,0.977031,1.022209,1.05694,1.085169,1.187002,,1.187002,1.085169,,1.05694,,1.022209,,0.977031,,0.724417,,,
0.045,1.253295,1.188137,1.01847,1.068427,1.106029,1.135607,1.188137,,1.188137,1.135607,,1.106029,,1.068427,,1.01847,,0.750861,,,
0.046,1.443755,1.18387,1.082263,1.143492,1.190461,1.228051,1.18387,,1.18387,1.228051,,1.190461,,1.143492,,1.082263,,0.785506,,,
0.047,1.224444,1.11644,1.10359,1.159683,1.198956,1.226969,1.11644,,1.11644,1.226969,,1.198956,,1.159683,,1.10359,,0.807453,,,
0.048,1.319258,1.102929,1.13594,1.191598,1.229032,1.254656,1.102929,,1.102929,1.254656,,1.229032,,1.191598,,1.13594,,0.833043,,,
0.049,1.081584,1.05324,1.127787,1.169595,1.19217,1.202734,1.05324,,1.05324,1.202734,,1.19217,,1.169595,,1.127787,,0.84547,,,
0.05,1.086736,0.997651,1.121629,1.153023,1.165811,1.167935,0.997651,,0.997651,1.167935,,1.165811,,1.153023,,1.121629,,0.857533,,,
0.051,1.12709,0.948218,1.122448,1.147837,1.156131,1.155681,0.948218,,0.948218,1.155681,,1.156131,,1.147837,,1.122448,,0.871011,,,
0.052,0.443323,0.931749,1.02058,1.006934,0.977929,0.941974,0.931749,,0.931749,0.941974,,0.977929,,1.006934,,1.02058,,0.849627,,,
0.053,0.737857,0.874188,0.978171,0.953118,0.917911,0.880739,0.874188,,0.874188,0.880739,,0.917911,,0.953118,,0.978171,,0.844038,,,
0.054,0.660792,0.862344,0.930564,0.894653,0.853631,0.814755,0.862344,,0.862344,0.814755,,0.853631,,0.894653,,0.930564,,0.834876,,,
0.055,0.596025,0.804582,0.880383,0.834928,0.78923,0.749136,0.804582,,0.804582,0.749136,,0.78923,,0.834928,,0.880383,,0.822933,,,
0.056,0.709533,0.787807,0.854756,0.809849,0.769306,0.737255,0.787807,,0.787807,0.737255,,0.769306,,0.809849,,0.854756,,0.817263,,,
0.057,1.262596,0.784996,0.915932,0.900398,0.892628,0.894857,0.784996,,0.784996,0.894857,,0.892628,,0.900398,,0.915932,,0.83953,,,
0.058,0.591277,0.858823,0.867234,0.838574,0.81729,0.803783,0.858823,,0.858823,0.803783,,0.81729,,0.838574,,0.867234,,0.827117,,,
0.059,1.188974,0.910691,0.915495,0.908654,0.910211,0.91934,0.910691,,0.910691,0.91934,,0.910211,,0.908654,,0.915495,,0.84521,,,
0.06,0.446196,0.971438,0.8451,0.816162,0.794207,0.777397,0.971438,,0.971438,0.777397,,0.794207,,0.816162,,0.8451,,0.825259,,,
0.061,0.902219,1.0047,0.853668,0.833374,0.82121,0.814844,1.0047,,1.0047,0.814844,,0.82121,,0.833374,,0.853668,,0.829107,,,
0.062,1.096159,1.020546,0.890041,0.885931,0.889948,0.899238,1.020546,,1.020546,0.899238,,0.889948,,0.885931,,0.890041,,0.84246,,,
0.063,1.255425,1.016608,0.944849,0.95983,0.981317,1.006094,1.016608,,1.016608,1.006094,,0.981317,,0.95983,,0.944849,,0.863108,,,
0.064,1.308406,1.038446,0.999383,1.029545,1.063089,1.096788,1.038446,,1.038446,1.096788,,1.063089,,1.029545,,0.999383,,0.885373,,,
0.065,1.329011,0.969113,1.048827,1.089438,1.12957,1.166455,0.969113,,0.969113,1.166455,,1.12957,,1.089438,,1.048827,,0.907555,,,
0.066,0.9619,0.963855,1.035788,1.06393,1.087652,1.105088,0.963855,,0.963855,1.105088,,1.087652,,1.06393,,1.035788,,0.910272,,,
0.067,0.88384,0.916119,1.012996,1.027912,1.036699,1.038714,0.916119,,0.916119,1.038714,,1.036699,,1.027912,,1.012996,,0.908951,,,
0.068,1.219278,0.88351,1.043938,1.066186,1.082344,1.092883,0.88351,,0.88351,1.092883,,1.082344,,1.066186,,1.043938,,0.924467,,,
0.069,0.831493,0.822242,1.012071,1.019247,1.019631,1.014466,0.822242,,0.822242,1.014466,,1.019631,,1.019247,,1.012071,,0.919818,,,
0.07,0.426311,0.768228,0.924207,0.90066,0.871301,0.83802,0.768228,,0.768228,0.83802,,0.871301,,0.90066,,0.924207,,0.895143,,,
0.071,0.388365,0.680696,0.843831,0.798201,0.750567,0.703123,0.680696,,0.680696,0.703123,,0.750567,,0.798201,,0.843831,,0.869804,,,
0.072,0.377121,0.642985,0.773824,0.713985,0.657206,0.605323,0.642985,,0.642985,0.605323,,0.657206,,0.713985,,0.773824,,0.84517,,,
0.073,0.737456,0.626958,0.768369,0.718679,0.677268,0.644963,0.626958,,0.626958,0.644963,,0.677268,,0.718679,,0.768369,,0.839784,,,
0.074,0.581485,0.557778,0.740337,0.69124,0.653322,0.625919,0.557778,,0.557778,0.625919,,0.653322,,0.69124,,0.740337,,0.826869,,,
0.075,0.714252,0.54808,0.736424,0.695843,0.668555,0.652419,0.54808,,0.54808,0.652419,,0.668555,,0.695843,,0.736424,,0.821238,,,
0.076,0.36616,0.547989,0.680884,0.629906,0.592956,0.566541,0.547989,,0.547989,0.566541,,0.592956,,0.629906,,0.680884,,0.798484,,,
0.077,0.54707,0.56218,0.660812,0.613339,0.581485,0.5607,0.56218,,0.56218,0.5607,,0.581485,,0.613339,,0.660812,,0.785914,,,
0.078,0.707544,0.578471,0.667822,0.63218,0.612999,0.604753,0.578471,,0.578471,0.604753,,0.612999,,0.63218,,0.667822,,0.781995,,,
0.079,0.4583,0.539904,0.636394,0.597404,0.574325,0.560817,0.539904,,0.539904,0.560817,,0.574325,,0.597404,,0.636394,,0.76581,,,
0.08,0.724818,0.559776,0.649657,0.622887,0.611948,0.610017,0.559776,,0.559776,0.610017,,0.611948,,0.622887,,0.649657,,0.763761,,,
0.081,0.425309,0.538042,0.616005,0.583371,0.565288,0.554605,0.538042,,0.538042,0.554605,,0.565288,,0.583371,,0.616005,,0.746838,,,
0.082,0.544468,0.555909,0.605274,0.575591,0.560083,0.551564,0.555909,,0.555909,0.551564,,0.560083,,0.575591,,0.605274,,0.73672,,,
0.083,0.556323,0.563439,0.597932,0.571737,0.559143,0.552992,0.563439,,0.563439,0.552992,,0.559143,,0.571737,,0.597932,,0.7277,,,
0.084,0.313213,0.547708,0.555224,0.520032,0.497661,0.481058,0.547708,,0.547708,0.481058,,0.497661,,0.520032,,0.555224,,0.706976,,,
0.085,0.800082,0.552284,0.591953,0.576042,0.573266,0.576765,0.552284,,0.552284,0.576765,,0.573266,,0.576042,,0.591953,,0.711631,,,
0.086,0.47517,0.50345,0.574435,0.555868,0.548742,0.546287,0.50345,,0.50345,0.546287,,0.548742,,0.555868,,0.574435,,0.699808,,,
0.087,0.5627,0.465162,0.572675,0.557234,0.552231,0.551211,0.465162,,0.465162,0.551211,,0.552231,,0.557234,,0.572675,,0.692952,,,
0.088,0.629906,0.418612,0.58126,0.571769,0.57165,0.574819,0.418612,,0.418612,0.574819,,0.57165,,0.571769,,0.58126,,0.6898,,,
0.089,0.534501,0.321762,0.574246,0.564315,0.562363,0.562724,0.321762,,0.321762,0.562724,,0.562363,,0.564315,,0.574246,,0.682035,,,
0.09,0.508633,0.249861,0.564404,0.553179,0.54893,0.546497,0.249861,,0.249861,0.546497,,0.54893,,0.553179,,0.564404,,0.673365,,,
0.091,0.187642,0.135155,0.50789,0.480071,0.458608,0.43884,0.135155,,0.135155,0.43884,,0.458608,,0.480071,,0.50789,,0.649079,,,
0.092,0.004143,0.058606,0.432328,0.384886,0.344992,0.308431,0.058606,,0.058606,0.308431,,0.344992,,0.384886,,0.432328,,0.616832,,,
0.093,0.032424,0.013375,0.372342,0.314393,0.26685,0.225629,0.013375,,0.013375,0.225629,,0.26685,,0.314393,,0.372342,,0.587612,,,
0.094,-0.50903,-0.071347,0.240136,0.149709,0.07288,0.005231,-0.071347,,0.071347,0.005231,,0.07288,,0.149709,,0.240136,,0.53278,,,
0.095,-0.477699,-0.130251,0.132461,0.024227,-0.064765,-0.139648,-0.130251,,0.130251,0.139648,,0.064765,,0.024227,,0.132461,,0.482256,,,
0.096,-0.461688,-0.138294,0.043339,-0.072956,-0.163996,-0.23626,-0.138294,,0.138294,0.23626,,0.163996,,0.072956,,0.043339,,0.435059,,,
0.097,-0.366869,-0.16009,-0.018193,-0.131739,-0.214714,-0.275443,-0.16009,,0.16009,0.275443,,0.214714,,0.131739,,0.018193,,0.394962,,,
0.098,0.065166,-0.134198,-0.005689,-0.092358,-0.144744,-0.17326,-0.134198,,0.134198,0.17326,,0.144744,,0.092358,,0.005689,,0.378472,,,
0.099,-0.302036,-0.15671,-0.050141,-0.134293,-0.184067,-0.211893,-0.15671,,0.15671,0.211893,,0.184067,,0.134293,,0.050141,,0.344447,,,
0.1,-0.113449,-0.112077,-0.059637,-0.130124,-0.166412,-0.18236,-0.112077,,0.112077,0.18236,,0.166412,,0.130124,,0.059637,,0.321552,,,
0.101,0.420161,-0.094303,0.012333,-0.020067,-0.019769,-0.001603,-0.094303,,0.094303,0.001603,,0.019769,,0.020067,,0.012333,,0.326483,,,
0.102,-0.052113,-0.066699,0.002666,-0.026476,-0.027855,-0.016756,-0.066699,,0.066699,0.016756,,0.027855,,0.026476,,0.002666,,0.307553,,,
0.103,0.28895,-0.022351,0.045608,0.036609,0.051346,0.074956,-0.022351,,0.022351,0.074956,,0.051346,,0.036609,,0.045608,,0.306623,,,
0.104,-0.215207,-0.095128,0.006486,-0.013754,-0.015292,-0.012093,-0.095128,,0.095128,0.012093,,0.015292,,0.013754,,0.006486,,0.280531,,,
0.105,-0.018066,-0.083915,0.002803,-0.014617,-0.015986,-0.013885,-0.083915,,0.083915,0.013885,,0.015986,,0.014617,,0.002803,,0.265601,,,
0.106,-0.282177,-0.103531,-0.039944,-0.068129,-0.082533,-0.094373,-0.103531,,0.103531,0.094373,,0.082533,,0.068129,,0.039944,,0.238212,,,
0.107,-0.15805,-0.202084,-0.05766,-0.086113,-0.101413,-0.113476,-0.202084,,0.202084,0.113476,,0.101413,,0.086113,,0.05766,,0.218399,,,
0.108,0.12096,-0.287598,-0.030867,-0.044698,-0.045819,-0.043145,-0.287598,,0.287598,0.043145,,0.045819,,0.044698,,0.030867,,0.213527,,,
0.109,-0.735384,-0.367898,-0.136544,-0.182836,-0.218211,-0.250817,-0.367898,,0.367898,0.250817,,0.218211,,0.182836,,0.136544,,0.166082,,,
0.11,-0.17869,-0.422229,-0.142866,-0.182006,-0.20833,-0.229179,-0.422229,,0.422229,0.229179,,0.20833,,0.182006,,0.142866,,0.148843,,,
0.111,-0.329221,-0.475328,-0.170819,-0.211449,-0.238553,-0.259191,-0.475328,,0.475328,0.259191,,0.238553,,0.211449,,0.170819,,0.12494,,,
0.112,-0.663927,-0.510066,-0.244786,-0.301945,-0.344897,-0.380612,-0.510066,,0.510066,0.380612,,0.344897,,0.301945,,0.244786,,0.085497,,,
0.113,-0.992769,-0.511411,-0.356983,-0.44011,-0.506865,-0.564259,-0.511411,,0.511411,0.564259,,0.506865,,0.44011,,0.356983,,0.031583,,,
0.114,-0.594352,-0.585652,-0.392588,-0.470958,-0.528736,-0.573287,-0.585652,,0.585652,0.573287,,0.528736,,0.470958,,0.392588,,0.000287,,,
0.115,-0.812838,-0.600148,-0.455626,-0.539334,-0.599762,-0.645152,-0.600148,,0.600148,0.645152,,0.599762,,0.539334,,0.455626,,0.04037,,,
0.116,-0.602162,-0.629114,-0.477606,-0.5519,-0.600362,-0.632255,-0.629114,,0.629114,0.632255,,0.600362,,0.5519,,0.477606,,0.068459,,,
0.117,-0.664289,-0.640446,-0.505609,-0.574378,-0.616344,-0.641865,-0.640446,,0.640446,0.641865,,0.616344,,0.574378,,0.505609,,0.098251,,,
0.118,-0.17285,-0.58843,-0.455695,-0.494072,-0.50547,-0.501161,-0.58843,,0.58843,0.501161,,0.50547,,0.494072,,0.455695,,0.101981,,,
0.119,-0.695693,-0.520342,-0.491695,-0.534396,-0.553026,-0.55952,-0.520342,,0.520342,0.55952,,0.553026,,0.534396,,0.491695,,0.131666,,,
0.12,-0.894835,-0.502678,-0.552166,-0.606484,-0.638478,-0.660115,-0.502678,,0.502678,0.660115,,0.638478,,0.606484,,0.552166,,0.169825,,,
0.121,-0.497321,-0.437853,-0.543939,-0.584651,-0.603189,-0.611277,-0.437853,,0.437853,0.611277,,0.603189,,0.584651,,0.543939,,0.1862,,,
0.122,-0.453868,-0.469014,-0.530428,-0.558495,-0.565859,-0.564054,-0.469014,,0.469014,0.564054,,0.565859,,0.558495,,0.530428,,0.199583,,,
0.123,-0.091752,-0.485432,-0.464627,-0.465146,-0.447332,-0.422363,-0.485432,,0.485432,0.422363,,0.447332,,0.465146,,0.464627,,0.194191,,,
0.124,-0.243802,-0.561202,-0.431503,-0.420877,-0.39645,-0.368795,-0.561202,,0.561202,0.368795,,0.39645,,0.420877,,0.431503,,0.196672,,,
0.125,-0.400045,-0.582136,-0.426784,-0.416711,-0.397348,-0.37817,-0.582136,,0.582136,0.37817,,0.397348,,0.416711,,0.426784,,0.206841,,,
0.126,-0.099766,-0.619141,-0.377732,-0.353322,-0.322953,-0.294649,-0.619141,,0.619141,0.294649,,0.322953,,0.353322,,0.377732,,0.201487,,,
0.127,-0.944937,-0.644051,-0.462812,-0.471645,-0.478449,-0.489735,-0.644051,,0.644051,0.489735,,0.478449,,0.471645,,0.462812,,0.238659,,,
0.128,-0.844882,-0.70181,-0.520123,-0.546292,-0.570057,-0.596279,-0.70181,,0.70181,0.596279,,0.570057,,0.546292,,0.520123,,0.268971,,,
0.129,-1.006324,-0.830538,-0.593053,-0.638299,-0.679124,-0.719293,-0.830538,,0.830538,0.719293,,0.679124,,0.638299,,0.593053,,0.305838,,,
0.13,-0.92596,-0.935254,-0.642989,-0.695831,-0.740833,-0.781293,-0.935254,,0.935254,0.781293,,0.740833,,0.695831,,0.642989,,0.336844,,,
0.131,-1.30189,-0.989885,-0.741824,-0.817043,-0.881097,-0.937472,-0.989885,,0.989885,0.937472,,0.881097,,0.817043,,0.741824,,0.385097,,,
0.132,-0.77134,-1.056099,-0.746252,-0.807902,-0.853658,-0.887632,-1.056099,,1.056099,0.887632,,0.853658,,0.807902,,0.746252,,0.404409,,,
0.133,-1.089212,-1.010951,-0.797696,-0.864164,-0.912546,-0.948106,-1.010951,,1.010951,0.948106,,0.912546,,0.864164,,0.797696,,0.438649,,,
0.134,-1.50776,-0.945828,-0.904205,-0.992883,-1.06135,-1.116002,-0.945828,,0.945828,1.116002,,1.06135,,0.992883,,0.904205,,0.492104,,,
0.135,-1.39568,-0.929502,-0.977927,-1.073443,-1.144932,-1.199906,-0.929502,,0.929502,1.199906,,1.144932,,1.073443,,0.977927,,0.537283,,,
0.136,-1.000984,-0.953992,-0.981385,-1.058951,-1.108945,-1.140229,-0.953992,,0.953992,1.140229,,1.108945,,1.058951,,0.981385,,0.560468,,,
0.137,-0.82812,-0.971151,-0.958395,-1.012785,-1.038739,-1.046596,-0.971151,,0.971151,1.046596,,1.038739,,1.012785,,0.958395,,0.573851,,,
0.138,-0.448314,-0.967738,-0.881883,-0.899891,-0.891133,-0.867112,-0.967738,,0.967738,0.867112,,0.891133,,0.899891,,0.881883,,0.567574,,,
0.139,-0.128525,-0.962897,-0.768879,-0.745617,-0.700481,-0.645536,-0.962897,,0.962897,0.645536,,0.700481,,0.745617,,0.768879,,0.545622,,,
0.14,-0.826734,-0.908764,-0.777558,-0.761841,-0.732044,-0.699895,-0.908764,,0.908764,0.699895,,0.732044,,0.761841,,0.777558,,0.559677,,,
0.141,-1.195352,-0.871478,-0.840227,-0.848543,-0.847871,-0.848532,-0.871478,,0.871478,0.848532,,0.847871,,0.848543,,0.840227,,0.591461,,,
0.142,-1.49064,-0.860115,-0.937789,-0.976962,-1.008563,-1.041165,-0.860115,,0.860115,1.041165,,1.008563,,0.976962,,0.937789,,0.63642,,,
0.143,-0.7338,-0.835802,-0.90719,-0.92833,-0.939872,-0.948955,-0.835802,,0.835802,0.948955,,0.939872,,0.92833,,0.90719,,0.641289,,,
0.144,-1.035958,-0.876009,-0.926506,-0.949856,-0.963894,-0.975056,-0.876009,,0.876009,0.975056,,0.963894,,0.949856,,0.926506,,0.661022,,,
0.145,-0.912296,-0.95956,-0.924374,-0.942344,-0.950994,-0.956228,-0.95956,,0.95956,0.956228,,0.950994,,0.942344,,0.924374,,0.673586,,,
0.146,-0.985532,-1.00913,-0.933548,-0.950981,-0.959629,-0.965019,-1.00913,,1.00913,0.965019,,0.959629,,0.950981,,0.933548,,0.689183,,,
0.147,-0.875996,-1.047552,-0.924915,-0.935984,-0.938721,-0.938312,-1.047552,,1.047552,0.938312,,0.938721,,0.935984,,0.924915,,0.698524,,,
0.148,-0.560676,-1.030517,-0.870279,-0.860923,-0.844209,-0.825021,-1.030517,,1.030517,0.825021,,0.844209,,0.860923,,0.870279,,0.691632,,,
0.149,-0.890589,-1.072759,-0.873326,-0.866856,-0.855804,-0.844692,-1.072759,,1.072759,0.844692,,0.855804,,0.866856,,0.873326,,0.701579,,,
0.15,-1.04759,-1.038337,-0.899465,-0.903003,-0.903751,-0.905561,-1.038337,,1.038337,0.905561,,0.903751,,0.903003,,0.899465,,0.71888,,,
0.151,-1.372006,-1.058438,-0.970346,-0.996803,-1.020815,-1.045495,-1.058438,,1.058438,1.045495,,1.020815,,0.996803,,0.970346,,0.751536,,,
0.152,-1.617989,-1.045472,-1.067493,-1.12104,-1.170108,-1.217243,-1.045472,,1.045472,1.217243,,1.170108,,1.12104,,1.067493,,0.794859,,,
0.153,-1.303258,-1.078193,-1.102858,-1.157484,-1.203396,-1.243047,-1.078193,,1.078193,1.243047,,1.203396,,1.157484,,1.102858,,0.820279,,,
0.154,-1.198461,-1.152457,-1.117198,-1.165679,-1.202162,-1.229672,-1.152457,,1.152457,1.229672,,1.202162,,1.165679,,1.117198,,0.839188,,,
0.155,-0.657309,-1.184275,-1.048215,-1.064005,-1.065949,-1.057963,-1.184275,,1.184275,1.057963,,1.065949,,1.064005,,1.048215,,0.830094,,,
0.156,-1.133416,-1.188735,-1.060995,-1.077887,-1.082816,-1.080599,-1.188735,,1.188735,1.080599,,1.082816,,1.077887,,1.060995,,0.84526,,,
0.157,-0.842898,-1.079796,-1.02828,-1.03089,-1.022836,-1.009289,-1.079796,,1.079796,1.009289,,1.022836,,1.03089,,1.02828,,0.845142,,,
0.158,-1.235929,-1.02383,-1.059428,-1.071897,-1.076109,-1.077281,-1.02383,,1.02383,1.077281,,1.076109,,1.071897,,1.059428,,0.864681,,,
0.159,-1.37758,-0.94745,-1.107151,-1.133034,-1.151477,-1.16737,-0.94745,,0.94745,1.16737,,1.151477,,1.133034,,1.107151,,0.890326,,,
0.16,-1.240592,-0.925943,-1.127167,-1.154546,-1.173756,-1.189337,-0.925943,,0.925943,1.189337,,1.173756,,1.154546,,1.127167,,0.90784,,,
0.161,-1.096645,-0.903153,-1.122588,-1.142965,-1.154478,-1.161529,-0.903153,,0.903153,1.161529,,1.154478,,1.142965,,1.122588,,0.91728,,,
0.162,-0.173679,-0.853156,-0.980252,-0.949108,-0.909278,-0.865174,-0.853156,,0.853156,0.865174,,0.909278,,0.949108,,0.980252,,0.8801,,,
0.163,-1.002367,-0.846871,-0.983569,-0.95976,-0.93255,-0.906332,-0.846871,,0.846871,0.906332,,0.93255,,0.95976,,0.983569,,0.886213,,,
0.164,-0.463069,-0.805196,-0.905494,-0.860422,-0.81518,-0.773353,-0.805196,,0.805196,0.773353,,0.81518,,0.860422,,0.905494,,0.865056,,,
0.165,-0.961885,-0.771367,-0.913953,-0.880714,-0.851856,-0.829913,-0.771367,,0.771367,0.829913,,0.851856,,0.880714,,0.913953,,0.869897,,,
0.166,-0.406623,-0.723871,-0.837853,-0.785896,-0.740548,-0.702926,-0.723871,,0.723871,0.702926,,0.740548,,0.785896,,0.837853,,0.846734,,,
0.167,-0.583453,-0.717318,-0.799693,-0.745407,-0.701274,-0.667084,-0.717318,,0.717318,0.667084,,0.701274,,0.745407,,0.799693,,0.83357,,,
0.168,-0.773762,-0.817856,-0.795804,-0.751078,-0.719396,-0.699087,-0.817856,,0.817856,0.699087,,0.719396,,0.751078,,0.795804,,0.830579,,,
0.169,-0.777506,-0.845146,-0.793059,-0.756364,-0.733924,-0.722613,-0.845146,,0.845146,0.722613,,0.733924,,0.756364,,0.793059,,0.827926,,,
0.17,-1.005453,-0.880806,-0.824918,-0.806182,-0.801806,-0.807465,-0.880806,,0.880806,0.807465,,0.801806,,0.806182,,0.824918,,0.836802,,,
0.171,-0.718137,-0.82982,-0.808901,-0.788573,-0.780889,-0.780667,-0.82982,,0.82982,0.780667,,0.780889,,0.788573,,0.808901,,0.830869,,,
0.172,-1.024565,-0.863319,-0.841251,-0.835771,-0.841808,-0.853836,-0.863319,,0.863319,0.853836,,0.841808,,0.835771,,0.841251,,0.840554,,,
0.173,-1.279596,-0.882148,-0.907002,-0.924536,-0.951255,-0.981564,-0.882148,,0.882148,0.981564,,0.951255,,0.924536,,0.907002,,0.862506,,,
0.174,-1.302561,-0.865348,-0.966336,-1.000141,-1.039081,-1.077863,-0.865348,,0.865348,1.077863,,1.039081,,1.000141,,0.966336,,0.884508,,,
0.175,-0.85533,-0.812483,-0.949685,-0.971179,-0.993144,-1.011103,-0.812483,,0.812483,1.011103,,0.993144,,0.971179,,0.949685,,0.88305,,,
0.176,-0.401031,-0.760575,-0.867387,-0.857149,-0.845115,-0.828082,-0.760575,,0.760575,0.828082,,0.845115,,0.857149,,0.867387,,0.858949,,,
0.177,-0.775118,-0.744521,-0.853547,-0.840743,-0.827616,-0.812192,-0.744521,,0.744521,0.812192,,0.827616,,0.840743,,0.853547,,0.854757,,,
0.178,-0.790573,-0.652775,-0.844101,-0.830709,-0.818355,-0.805707,-0.652775,,0.652775,0.805707,,0.818355,,0.830709,,0.844101,,0.851548,,,
0.179,-0.588963,-0.551258,-0.80583,-0.78236,-0.761007,-0.740684,-0.551258,,0.551258,0.740684,,0.761007,,0.78236,,0.80583,,0.838419,,,
0.18,-0.195985,-0.414049,-0.714353,-0.665085,-0.619752,-0.577274,-0.414049,,0.414049,0.577274,,0.619752,,0.665085,,0.714353,,0.806297,,,
0.181,-0.434465,-0.35271,-0.67237,-0.618961,-0.57343,-0.534431,-0.35271,,0.35271,0.534431,,0.57343,,0.618961,,0.67237,,0.787705,,,
0.182,-0.541548,-0.371042,-0.652747,-0.603478,-0.565459,-0.536566,-0.371042,,0.371042,0.536566,,0.565459,,0.603478,,0.652747,,0.775397,,,
0.183,-0.015351,-0.360669,-0.557137,-0.485853,-0.427932,-0.380202,-0.360669,,0.360669,0.380202,,0.427932,,0.485853,,0.557137,,0.737395,,,
0.184,-0.162915,-0.26895,-0.498004,-0.421265,-0.361678,-0.315016,-0.26895,,0.26895,0.315016,,0.361678,,0.421265,,0.498004,,0.708671,,,
0.185,0.206736,-0.196491,-0.392293,-0.295665,-0.219575,-0.15849,-0.196491,,0.196491,0.15849,,0.219575,,0.295665,,0.392293,,0.662901,,,
0.186,-0.180598,-0.214551,-0.360539,-0.272652,-0.20983,-0.165123,-0.214551,,0.214551,0.165123,,0.20983,,0.272652,,0.360539,,0.638786,,,
0.187,-0.602685,-0.2188,-0.396861,-0.338658,-0.308044,-0.296391,-0.2188,,0.2188,0.296391,,0.308044,,0.338658,,0.396861,,0.636981,,,
0.188,-0.661015,-0.164252,-0.436484,-0.40313,-0.396287,-0.405778,-0.164252,,0.164252,0.405778,,0.396287,,0.40313,,0.436484,,0.638182,,,
0.189,0.218344,-0.227375,-0.33826,-0.278835,-0.242629,-0.218542,-0.227375,,0.227375,0.218542,,0.242629,,0.278835,,0.33826,,0.595356,,,
0.19,0.208083,-0.269369,-0.256308,-0.181451,-0.129951,-0.090554,-0.269369,,0.269369,0.090554,,0.129951,,0.181451,,0.256308,,0.555184,,,
0.191,-0.39465,-0.299304,-0.27706,-0.224091,-0.196126,-0.181783,-0.299304,,0.299304,0.181783,,0.196126,,0.224091,,0.27706,,0.547157,,,
0.192,-0.481203,-0.316912,-0.307681,-0.275513,-0.267395,-0.271609,-0.316912,,0.316912,0.271609,,0.267395,,0.275513,,0.307681,,0.54386,,,
0.193,0.058487,-0.278658,-0.252756,-0.208713,-0.185925,-0.17258,-0.278658,,0.278658,0.17258,,0.185925,,0.208713,,0.252756,,0.513742,,,
0.194,-0.709706,-0.231497,-0.321298,-0.308912,-0.31687,-0.333718,-0.231497,,0.231497,0.333718,,0.31687,,0.308912,,0.321298,,0.52354,,,
0.195,-0.624853,-0.24214,-0.366832,-0.3721,-0.393866,-0.421058,-0.24214,,0.24214,0.421058,,0.393866,,0.3721,,0.366832,,0.528606,,,
0.196,-0.122546,-0.214197,-0.330189,-0.322189,-0.326036,-0.331505,-0.214197,,0.214197,0.331505,,0.326036,,0.322189,,0.330189,,0.508303,,,
0.197,-0.374293,-0.159454,-0.336804,-0.33261,-0.3381,-0.344341,-0.159454,,0.159454,0.344341,,0.3381,,0.33261,,0.336804,,0.501603,,,
0.198,-0.181884,-0.074881,-0.313566,-0.302465,-0.299046,-0.295604,-0.074881,,0.074881,0.295604,,0.299046,,0.302465,,0.313566,,0.485617,,,
0.199,-0.142247,-0.107426,-0.287868,-0.270421,-0.259846,-0.249597,-0.107426,,0.107426,0.249597,,0.259846,,0.270421,,0.287868,,0.468448,,,
0.2,0.101272,-0.011833,-0.229497,-0.196083,-0.169567,-0.144336,-0.011833,,0.011833,0.144336,,0.169567,,0.196083,,0.229497,,0.439962,,,
0.201,0.515459,0.056301,-0.117754,-0.053774,0.00169,0.053602,0.056301,,0.056301,0.053602,,0.00169,,0.053774,,0.117754,,0.392191,,,
0.202,0.207523,0.068742,-0.068962,-0.001515,0.053148,0.099779,0.068742,,0.068742,0.099779,,0.053148,,0.001515,,0.068962,,0.362205,,,
0.203,0.449093,0.112114,0.008746,0.088607,0.152134,0.204573,0.112114,,0.112114,0.204573,,0.152134,,0.088607,,0.008746,,0.32164,,,
0.204,-0.299507,0.150518,-0.037492,0.010984,0.039224,0.053349,0.150518,,0.150518,0.053349,,0.039224,,0.010984,,0.037492,,0.320534,,,
0.205,0.341819,0.216521,0.019405,0.077151,0.114873,0.13989,0.216521,,0.216521,0.13989,,0.114873,,0.077151,,0.019405,,0.287416,,,
0.206,0.124624,0.196316,0.035188,0.086646,0.117311,0.13531,0.196316,,0.196316,0.13531,,0.117311,,0.086646,,0.035188,,0.266814,,,
0.207,0.014303,0.17307,0.032055,0.072177,0.091559,0.099008,0.17307,,0.17307,0.099008,,0.091559,,0.072177,,0.032055,,0.252758,,,
0.208,0.102801,0.162395,0.042667,0.078302,0.094369,0.100146,0.162395,,0.162395,0.100146,,0.094369,,0.078302,,0.042667,,0.23498,,,
0.209,0.240557,0.134047,0.07235,0.110753,0.130916,0.142269,0.134047,,0.134047,0.142269,,0.130916,,0.110753,,0.07235,,0.211203,,,
0.21,0.583788,0.211713,0.149066,0.20536,0.244134,0.274725,0.211713,,0.211713,0.274725,,0.244134,,0.20536,,0.149066,,0.171454,,,
0.211,-0.120983,0.221818,0.108559,0.140091,0.152855,0.156013,0.221818,,0.221818,0.156013,,0.152855,,0.140091,,0.108559,,0.16893,,,
0.212,0.259757,0.27853,0.131238,0.164024,0.17958,0.187136,0.27853,,0.27853,0.187136,,0.17958,,0.164024,,0.131238,,0.147496,,,
0.213,0.090094,0.311041,0.125067,0.149238,0.157209,0.158023,0.311041,,0.311041,0.158023,,0.157209,,0.149238,,0.125067,,0.135616,,,
0.214,0.137266,0.328195,0.126897,0.146844,0.152223,0.151796,0.328195,,0.328195,0.151796,,0.152223,,0.146844,,0.126897,,0.121972,,,
0.215,0.554818,0.353656,0.191085,0.228439,0.252872,0.272703,0.353656,,0.353656,0.272703,,0.252872,,0.228439,,0.191085,,0.088133,,,
0.216,0.452977,0.368535,0.230369,0.273346,0.302898,0.326785,0.368535,,0.368535,0.326785,,0.302898,,0.273346,,0.230369,,0.061077,,,
0.217,0.748457,0.452984,0.308082,0.368368,0.414288,0.453287,0.452984,,0.452984,0.453287,,0.414288,,0.368368,,0.308082,,0.020601,,,
0.218,0.371918,0.474624,0.317657,0.369078,0.403695,0.428876,0.474624,,0.474624,0.428876,,0.403695,,0.369078,,0.317657,,0.000975,,,
0.219,0.291497,0.548425,0.313733,0.353562,0.375646,0.387662,0.548425,,0.548425,0.387662,,0.375646,,0.353562,,0.313733,,0.013649,,,
0.22,0.520628,0.624635,0.344767,0.386975,0.411891,0.427552,0.624635,,0.624635,0.427552,,0.411891,,0.386975,,0.344767,,0.038998,,,
0.221,0.747459,0.726417,0.405171,0.459072,0.495783,0.523524,0.726417,,0.726417,0.523524,,0.495783,,0.459072,,0.405171,,0.074421,,,
0.222,0.807953,0.819326,0.465588,0.528848,0.573826,0.608853,0.819326,,0.819326,0.608853,,0.573826,,0.528848,,0.465588,,0.111097,,,
0.223,0.497799,0.808747,0.47042,0.522638,0.554819,0.575537,0.808747,,0.808747,0.575537,,0.554819,,0.522638,,0.47042,,0.130433,,,
0.224,0.901905,0.84455,0.535143,0.598492,0.641591,0.673447,0.84455,,0.84455,0.673447,,0.641591,,0.598492,,0.535143,,0.169006,,,
0.225,0.975575,0.851685,0.601208,0.673908,0.725087,0.764086,0.851685,,0.851685,0.764086,,0.725087,,0.673908,,0.601208,,0.209335,,,
0.226,1.674422,0.857815,0.76219,0.874011,0.96242,1.037186,0.857815,,0.857815,1.037186,,0.96242,,0.874011,,0.76219,,0.282589,,,
0.227,1.474968,0.864542,0.869107,0.994202,1.090557,1.168521,0.864542,,0.864542,1.168521,,1.090557,,0.994202,,0.869107,,0.342208,,,
0.228,0.632097,0.887519,0.833555,0.921781,0.975942,1.007594,0.887519,,0.887519,1.007594,,0.975942,,0.921781,,0.833555,,0.356702,,,
0.229,0.765743,0.884752,0.823383,0.890574,0.923392,0.935039,0.884752,,0.884752,0.935039,,0.923392,,0.890574,,0.823383,,0.377154,,,
0.23,0.369984,0.847739,0.755373,0.786456,0.78504,0.765522,0.847739,,0.847739,0.765522,,0.78504,,0.786456,,0.755373,,0.376796,,,
0.231,0.588065,0.765453,0.730277,0.746778,0.735797,0.712285,0.765453,,0.765453,0.712285,,0.735797,,0.746778,,0.730277,,0.387359,,,
0.232,0.821452,0.67752,0.743953,0.761712,0.75721,0.745035,0.67752,,0.67752,0.745035,,0.75721,,0.761712,,0.743953,,0.409064,,,
0.233,1.060695,0.588295,0.791465,0.821509,0.833082,0.839733,0.588295,,0.588295,0.839733,,0.833082,,0.821509,,0.791465,,0.441646,,,
0.234,0.46737,0.596308,0.74285,0.750681,0.741654,0.728024,0.596308,,0.596308,0.728024,,0.741654,,0.750681,,0.74285,,0.442932,,,
0.235,0.494763,0.589241,0.705637,0.699498,0.679931,0.658046,0.589241,,0.589241,0.658046,,0.679931,,0.699498,,0.705637,,0.445523,,,
0.236,0.070429,0.645953,0.610356,0.573684,0.527555,0.481761,0.645953,,0.645953,0.481761,,0.527555,,0.573684,,0.610356,,0.426769,,,
0.237,0.707151,0.643294,0.624875,0.600377,0.572454,0.549378,0.643294,,0.643294,0.549378,,0.572454,,0.600377,,0.624875,,0.440788,,,
0.238,0.493495,0.632036,0.605168,0.579001,0.552715,0.532613,0.632036,,0.632036,0.532613,,0.552715,,0.579001,,0.605168,,0.443423,,,
0.239,0.720246,0.70027,0.62243,0.60725,0.594597,0.588903,0.70027,,0.70027,0.588903,,0.594597,,0.60725,,0.62243,,0.457264,,,
0.24,0.687998,0.730642,0.632265,0.623399,0.617948,0.618631,0.730642,,0.730642,0.618631,,0.617948,,0.623399,,0.632265,,0.468801,,,
0.241,0.993818,0.763236,0.686498,0.697483,0.711915,0.731187,0.763236,,0.763236,0.731187,,0.711915,,0.697483,,0.686498,,0.495052,,,
0.242,0.558822,0.912146,0.667347,0.669751,0.673642,0.679478,0.912146,,0.912146,0.679478,,0.673642,,0.669751,,0.667347,,0.49824,,,
0.243,0.697607,1.028505,0.671886,0.675322,0.679633,0.684917,1.028505,,1.028505,0.684917,,0.679633,,0.675322,,0.671886,,0.508209,,,
0.244,1.811273,1.048173,0.842794,0.902512,0.962543,1.022823,1.048173,,1.048173,1.022823,,0.962543,,0.902512,,0.842794,,0.573362,,,
0.245,0.801462,1.063562,0.836594,0.882302,0.922273,0.956415,1.063562,,1.063562,0.956415,,0.922273,,0.882302,,0.836594,,0.584767,,,
0.246,0.85329,1.095577,0.839098,0.8765,0.905027,0.925478,1.095577,,1.095577,0.925478,,0.905027,,0.8765,,0.839098,,0.598193,,,
0.247,1.708439,1.132419,0.9695,1.042888,1.10588,1.160366,1.132419,,1.132419,1.160366,,1.10588,,1.042888,,0.9695,,0.653705,,,
0.248,1.987104,1.130499,1.12214,1.231731,1.326186,1.408387,1.130499,,1.130499,1.408387,,1.326186,,1.231731,,1.12214,,0.720375,,,
0.249,0.70984,1.133291,1.060295,1.127353,1.1721,1.198823,1.133291,,1.133291,1.198823,,1.1721,,1.127353,,1.060295,,0.719848,,,
0.25,0.889525,1.061438,1.03468,1.079787,1.101456,1.106034,1.061438,,1.061438,1.106034,,1.101456,,1.079787,,1.03468,,0.728332,,,
0.251,1.04017,1.072442,1.035503,1.071864,1.086134,1.086275,1.072442,,1.072442,1.086275,,1.086134,,1.071864,,1.035503,,0.743924,,,
0.252,1.399079,1.058622,1.09004,1.137307,1.164371,1.180116,1.058622,,1.058622,1.180116,,1.164371,,1.137307,,1.09004,,0.776682,,,
0.253,0.537701,0.977026,1.007189,1.017386,1.007703,0.987391,0.977026,,0.977026,0.987391,,1.007703,,1.017386,,1.007189,,0.764733,,,
0.254,0.72832,0.840564,0.965358,0.959573,0.937857,0.90967,0.840564,,0.840564,0.90967,,0.937857,,0.959573,,0.965358,,0.762912,,,
0.255,1.02089,0.855997,0.973688,0.971836,0.958616,0.943036,0.855997,,0.855997,0.943036,,0.958616,,0.971836,,0.973688,,0.775811,,,
0.256,0.922506,0.859019,0.966011,0.96197,0.949588,0.936877,0.859019,,0.859019,0.936877,,0.949588,,0.96197,,0.966011,,0.783146,,,
0.257,0.701267,0.866002,0.926299,0.909829,0.887508,0.866194,0.866002,,0.866002,0.866194,,0.887508,,0.909829,,0.926299,,0.779052,,,
0.258,0.810879,0.821809,0.908986,0.890039,0.868351,0.8496,0.821809,,0.821809,0.8496,,0.868351,,0.890039,,0.908986,,0.780643,,,
0.259,0.486022,0.885336,0.845542,0.809236,0.772768,0.740526,0.885336,,0.885336,0.740526,,0.772768,,0.809236,,0.845542,,0.765912,,,
0.26,0.879604,0.945927,0.850651,0.823309,0.799477,0.78225,0.945927,,0.945927,0.78225,,0.799477,,0.823309,,0.850651,,0.771597,,,
0.261,0.922768,0.954314,0.861469,0.843201,0.8303,0.824405,0.954314,,0.954314,0.824405,,0.8303,,0.843201,,0.861469,,0.779155,,,
0.262,1.116985,0.973002,0.899796,0.897958,0.901971,0.912179,0.973002,,0.973002,0.912179,,0.901971,,0.897958,,0.899796,,0.796047,,,
0.263,0.91296,0.998145,0.901771,0.900958,0.904718,0.912413,0.998145,,0.998145,0.912413,,0.904718,,0.900958,,0.901771,,0.801893,,,
0.264,1.2365,1.005238,0.95198,0.968067,0.987664,1.009639,1.005238,,1.005238,1.009639,,0.987664,,0.968067,,0.95198,,0.823623,,,
0.265,1.394821,1.014923,1.018406,1.053418,1.089453,1.125194,1.014923,,1.014923,1.125194,,1.089453,,1.053418,,1.018406,,0.852183,,,
0.266,1.113147,1.009804,1.032617,1.065363,1.095377,1.12158,1.009804,,1.009804,1.12158,,1.095377,,1.065363,,1.032617,,0.865231,,,
0.267,1.128072,0.982622,1.046935,1.077905,1.10355,1.123527,0.982622,,0.982622,1.123527,,1.10355,,1.077905,,1.046935,,0.878373,,,
0.268,0.977832,0.991647,1.03657,1.057891,1.072121,1.079819,0.991647,,0.991647,1.079819,,1.072121,,1.057891,,1.03657,,0.883346,,,
0.269,0.888909,1.000538,1.014421,1.024094,1.026318,1.022546,1.000538,,1.000538,1.022546,,1.026318,,1.024094,,1.014421,,0.883624,,,
0.27,0.59255,0.944753,0.95114,0.937785,0.917876,0.893547,0.944753,,0.944753,0.893547,,0.917876,,0.937785,,0.95114,,0.86907,,,
0.271,0.8233,0.84208,0.931964,0.914888,0.894232,0.872473,0.84208,,0.84208,0.872473,,0.894232,,0.914888,,0.931964,,0.866782,,,
0.272,0.62377,0.755956,0.885735,0.856665,0.826616,0.797862,0.755956,,0.755956,0.797862,,0.826616,,0.856665,,0.885735,,0.854631,,,
0.273,1.216258,0.733151,0.935313,0.928583,0.924027,0.923381,0.733151,,0.733151,0.923381,,0.924027,,0.928583,,0.935313,,0.872713,,,
0.274,1.010764,0.701523,0.946631,0.945019,0.945711,0.949596,0.701523,,0.701523,0.949596,,0.945711,,0.945019,,0.946631,,0.879615,,,
0.275,0.622861,0.687243,0.898066,0.880588,0.864999,0.851575,0.687243,,0.687243,0.851575,,0.864999,,0.880588,,0.898066,,0.866778,,,
0.276,0.265419,0.642512,0.803169,0.757554,0.715104,0.675728,0.642512,,0.642512,0.675728,,0.715104,,0.757554,,0.803169,,0.83671,,,
0.277,0.165785,0.652359,0.707561,0.6392,0.577774,0.522745,0.652359,,0.652359,0.522745,,0.577774,,0.6392,,0.707561,,0.803163,,,
0.278,0.87721,0.669032,0.733008,0.686802,0.652633,0.629085,0.669032,,0.669032,0.629085,,0.652633,,0.686802,,0.733008,,0.806866,,,
0.279,0.629928,0.589266,0.717546,0.675427,0.646957,0.629338,0.589266,,0.589266,0.629338,,0.646957,,0.675427,,0.717546,,0.798019,,,
0.28,0.731828,0.543972,0.719689,0.686707,0.668175,0.660085,0.543972,,0.543972,0.660085,,0.668175,,0.686707,,0.719689,,0.794709,,,
0.281,0.100511,0.55054,0.626812,0.569468,0.526259,0.492213,0.55054,,0.55054,0.492213,,0.526259,,0.569468,,0.626812,,0.759999,,,
0.282,0.931615,0.578656,0.672532,0.641898,0.627598,0.624033,0.578656,,0.578656,0.624033,,0.627598,,0.641898,,0.672532,,0.76858,,,
0.283,0.807171,0.599769,0.692728,0.674952,0.672491,0.678975,0.599769,,0.599769,0.678975,,0.672491,,0.674952,,0.692728,,0.77051,,,
0.284,0.338836,0.553613,0.639644,0.607729,0.589077,0.576933,0.553613,,0.553613,0.576933,,0.589077,,0.607729,,0.639644,,0.748926,,,
0.285,0.512533,0.517567,0.620578,0.58869,0.569941,0.557613,0.517567,,0.517567,0.557613,,0.569941,,0.58869,,0.620578,,0.737106,,,
0.286,0.695106,0.474943,0.631757,0.609973,0.601232,0.598861,0.474943,,0.474943,0.598861,,0.601232,,0.609973,,0.631757,,0.735006,,,
0.287,0.574691,0.517858,0.623197,0.602917,0.594597,0.59161,0.517858,,0.517858,0.59161,,0.594597,,0.602917,,0.623197,,0.726991,,,
0.288,0.39803,0.368288,0.589422,0.561939,0.545455,0.533536,0.368288,,0.368288,0.533536,,0.545455,,0.561939,,0.589422,,0.710543,,,
0.289,0.369495,0.288192,0.556433,0.52345,0.501465,0.484324,0.288192,,0.288192,0.484324,,0.501465,,0.52345,,0.556433,,0.69349,,,
0.29,0.233424,0.258242,0.507982,0.465445,0.434455,0.409054,0.258242,,0.258242,0.409054,,0.434455,,0.465445,,0.507982,,0.670487,,,
0.291,0.262956,0.213822,0.471228,0.424947,0.39158,0.365224,0.213822,,0.213822,0.365224,,0.39158,,0.424947,,0.471228,,0.65011,,,
0.292,0.57258,0.134334,0.486431,0.454474,0.43683,0.427431,0.134334,,0.134334,0.427431,,0.43683,,0.454474,,0.486431,,0.646234,,,
0.293,-0.713658,0.0292,0.306417,0.220847,0.149208,0.085104,0.0292,,0.0292,0.085104,,0.149208,,0.220847,,0.306417,,0.578239,,,
0.294,-0.073885,-0.000802,0.249372,0.161901,0.093435,0.037408,-0.000802,,0.000802,0.037408,,0.093435,,0.161901,,0.249372,,0.545633,,,
0.295,0.009388,0.012717,0.213374,0.131398,0.072423,0.029002,0.012717,,0.012717,0.029002,,0.072423,,0.131398,,0.213374,,0.518821,,,
0.296,0.02392,-0.047573,0.184956,0.109903,0.060297,0.027477,-0.047573,,0.047573,0.027477,,0.060297,,0.109903,,0.184956,,0.494076,,,
0.297,-0.179269,-0.042941,0.130322,0.052068,0.000406,-0.034547,-0.042941,,0.042941,0.034547,,0.000406,,0.052068,,0.130322,,0.460408,,,
0.298,-0.581783,-0.097799,0.023507,-0.074702,-0.145141,-0.198718,-0.097799,,0.097799,0.198718,,0.145141,,0.074702,,0.023507,,0.408299,,,
0.299,0.068006,-0.028695,0.030182,-0.04616,-0.091855,-0.1187,-0.028695,,0.028695,0.1187,,0.091855,,0.04616,,0.030182,,0.391284,,,
0.3,0.518205,-0.046734,0.103385,0.066713,0.06066,0.072371,-0.046734,,0.046734,0.072371,,0.06066,,0.066713,,0.103385,,0.39763,,,
0.301,-0.429766,-0.056451,0.023412,-0.032583,-0.061946,-0.07827,-0.056451,,0.056451,0.07827,,0.061946,,0.032583,,0.023412,,0.35626,,,
0.302,0.313915,-0.028292,0.066988,0.036717,0.032019,0.039386,-0.028292,,0.028292,0.039386,,0.032019,,0.036717,,0.066988,,0.354143,,,
0.303,-0.030862,-0.008025,0.05231,0.023201,0.016299,0.018311,-0.008025,,0.008025,0.018311,,0.016299,,0.023201,,0.05231,,0.334893,,,
0.304,0.046481,0.072365,0.051436,0.027857,0.023844,0.026762,0.072365,,0.072365,0.026762,,0.023844,,0.027857,,0.051436,,0.320472,,,
0.305,-0.272304,0.070201,0.002875,-0.032175,-0.050193,-0.062958,0.070201,,0.070201,0.062958,,0.050193,,0.032175,,0.002875,,0.290834,,,
0.306,-0.097507,-0.001346,-0.012182,-0.045242,-0.062021,-0.073322,-0.001346,,0.001346,0.073322,,0.062021,,0.045242,,0.012182,,0.271416,,,
0.307,0.333674,0.041133,0.039696,0.030542,0.036903,0.048776,0.041133,,0.041133,0.048776,,0.036903,,0.030542,,0.039696,,0.274529,,,
0.308,0.043664,-0.026246,0.040291,0.033166,0.038593,0.047243,-0.026246,,0.026246,0.047243,,0.038593,,0.033166,,0.040291,,0.262986,,,
0.309,0.302506,-0.056858,0.079623,0.087034,0.104571,0.123822,-0.056858,,0.056858,0.123822,,0.104571,,0.087034,,0.079623,,0.264962,,,
0.31,0.044207,-0.128626,0.074311,0.078469,0.08948,0.099937,-0.128626,,0.128626,0.099937,,0.08948,,0.078469,,0.074311,,0.253924,,,
0.311,-0.268815,-0.163144,0.022842,0.009012,-0.000094,-0.010688,-0.163144,,0.163144,0.010688,,0.000094,,0.009012,,0.022842,,0.227787,,,
0.312,0.037499,-0.234286,0.025041,0.014709,0.009305,0.003768,-0.234286,,0.234286,0.003768,,0.009305,,0.014709,,0.025041,,0.218273,,,
0.313,-0.427253,-0.29703,-0.042803,-0.073683,-0.099835,-0.125538,-0.29703,,0.29703,0.125538,,0.099835,,0.073683,,0.042803,,0.185997,,,
0.314,-0.367594,-0.389852,-0.091522,-0.132465,-0.166775,-0.198155,-0.389852,,0.389852,0.198155,,0.166775,,0.132465,,0.091522,,0.158317,,,
0.315,-0.742962,-0.449451,-0.189238,-0.254565,-0.310821,-0.361597,-0.449451,,0.449451,0.361597,,0.310821,,0.254565,,0.189238,,0.113253,,,
0.316,-0.652001,-0.508769,-0.258652,-0.334052,-0.396116,-0.448718,-0.508769,,0.508769,0.448718,,0.396116,,0.334052,,0.258652,,0.07499,,,
0.317,-0.880072,-0.499649,-0.351865,-0.443256,-0.517105,-0.578124,-0.499649,,0.499649,0.578124,,0.517105,,0.443256,,0.351865,,0.027237,,,
0.318,-0.356509,-0.52799,-0.352562,-0.425907,-0.476956,-0.51164,-0.52799,,0.52799,0.51164,,0.476956,,0.425907,,0.352562,,0.00805,,,
0.319,-0.977378,-0.484434,-0.446284,-0.536201,-0.602062,-0.651361,-0.484434,,0.484434,0.651361,,0.602062,,0.536201,,0.446284,,0.041221,,,
0.32,-0.35308,-0.477187,-0.432304,-0.499577,-0.539816,-0.561877,-0.477187,,0.477187,0.561877,,0.539816,,0.499577,,0.432304,,0.056814,,,
0.321,-0.608299,-0.501497,-0.458703,-0.521321,-0.556937,-0.575804,-0.501497,,0.501497,0.575804,,0.556937,,0.521321,,0.458703,,0.084389,,,
0.322,-0.168493,-0.497533,-0.415171,-0.450756,-0.459826,-0.45361,-0.497533,,0.497533,0.45361,,0.459826,,0.450756,,0.415171,,0.088594,,,
0.323,-0.274248,-0.508849,-0.394033,-0.415454,-0.413431,-0.399802,-0.508849,,0.508849,0.399802,,0.413431,,0.415454,,0.394033,,0.097876,,,
0.324,0.051858,-0.556788,-0.327149,-0.321992,-0.297109,-0.264304,-0.556788,,0.556788,0.264304,,0.297109,,0.321992,,0.327149,,0.09039,,,
0.325,-0.287874,-0.500267,-0.321258,-0.315168,-0.2948,-0.271375,-0.500267,,0.500267,0.271375,,0.2948,,0.315168,,0.321258,,0.100264,,,
0.326,-1.010369,-0.53159,-0.424625,-0.454208,-0.473692,-0.493073,-0.53159,,0.53159,0.493073,,0.473692,,0.454208,,0.424625,,0.145769,,,
0.327,-0.608394,-0.582795,-0.45219,-0.485045,-0.507368,-0.527669,-0.582795,,0.582795,0.527669,,0.507368,,0.485045,,0.45219,,0.1689,,,
0.328,-1.004558,-0.688083,-0.535045,-0.588948,-0.631665,-0.670736,-0.688083,,0.688083,0.670736,,0.631665,,0.588948,,0.535045,,0.210683,,,
0.329,-0.883836,-0.759214,-0.587364,-0.647926,-0.694708,-0.734666,-0.759214,,0.759214,0.734666,,0.694708,,0.647926,,0.587364,,0.244341,,,
0.33,-0.355648,-0.89629,-0.552606,-0.58947,-0.609943,-0.620961,-0.89629,,0.89629,0.620961,,0.609943,,0.58947,,0.552606,,0.249906,,,
0.331,-0.697624,-0.987972,-0.574359,-0.611101,-0.631863,-0.64396,-0.987972,,0.987972,0.64396,,0.631863,,0.611101,,0.574359,,0.272292,,,
0.332,-1.171564,-0.985753,-0.66394,-0.723193,-0.766788,-0.802241,-0.985753,,0.985753,0.802241,,0.766788,,0.723193,,0.66394,,0.317256,,,
0.333,-1.326661,-0.994148,-0.763348,-0.843887,-0.906757,-0.959567,-0.994148,,0.994148,0.959567,,0.906757,,0.843887,,0.763348,,0.367726,,,
0.334,-1.056683,-0.977375,-0.807348,-0.886446,-0.944238,-0.988702,-0.977375,,0.977375,0.988702,,0.944238,,0.886446,,0.807348,,0.402174,,,
0.335,-1.455975,-1.045975,-0.904642,-1.000352,-1.072172,-1.128884,-1.045975,,1.045975,1.128884,,1.072172,,1.000352,,0.904642,,0.454864,,,
0.336,-1.29638,-1.087024,-0.963403,-1.059558,-1.128224,-1.179133,-1.087024,,1.087024,1.179133,,1.128224,,1.059558,,0.963403,,0.49694,,,
0.337,-0.985955,-1.099005,-0.966786,-1.044837,-1.092657,-1.121179,-1.099005,,1.099005,1.121179,,1.092657,,1.044837,,0.966786,,0.521391,,,
0.338,-0.70074,-1.055221,-0.926879,-0.976018,-0.994678,-0.995048,-1.055221,,1.055221,0.995048,,0.994678,,0.976018,,0.926879,,0.530358,,,
0.339,-0.820056,-0.962544,-0.910855,-0.944825,-0.951022,-0.94255,-0.962544,,0.962544,0.94255,,0.951022,,0.944825,,0.910855,,0.544843,,,
0.34,-1.638443,-0.99436,-1.019994,-1.083549,-1.122877,-1.151318,-0.99436,,0.99436,1.151318,,1.122877,,1.083549,,1.019994,,0.599523,,,
0.341,-0.80718,-0.95102,-0.988072,-1.028275,-1.043953,-1.048077,-0.95102,,0.95102,1.048077,,1.043953,,1.028275,,0.988072,,0.609906,,,
0.342,-0.829416,-0.892848,-0.964273,-0.988503,-0.990319,-0.982478,-0.892848,,0.892848,0.982478,,0.990319,,0.988503,,0.964273,,0.620881,,,
0.343,-0.689946,-0.926393,-0.923124,-0.928792,-0.915226,-0.894719,-0.926393,,0.926393,0.894719,,0.915226,,0.928792,,0.923124,,0.624335,,,
0.344,-0.307213,-0.907682,-0.830737,-0.804476,-0.763222,-0.718467,-0.907682,,0.907682,0.718467,,0.763222,,0.804476,,0.830737,,0.608478,,,
0.345,-1.40666,-0.913994,-0.917126,-0.924913,-0.924082,-0.924925,-0.913994,,0.913994,0.924925,,0.924082,,0.924913,,0.917126,,0.648388,,,
0.346,-0.979234,-0.838439,-0.926442,-0.935777,-0.93787,-0.941218,-0.838439,,0.838439,0.941218,,0.93787,,0.935777,,0.926442,,0.66493,,,
0.347,-0.656487,-0.882047,-0.885949,-0.879919,-0.867524,-0.855798,-0.882047,,0.882047,0.855798,,0.867524,,0.879919,,0.885949,,0.664508,,,
0.348,-1.354948,-0.889667,-0.956299,-0.974925,-0.98938,-1.005543,-0.889667,,0.889667,1.005543,,0.98938,,0.974925,,0.956299,,0.69903,,,
0.349,-0.494918,-0.905289,-0.887092,-0.878923,-0.865765,-0.852356,-0.905289,,0.905289,0.852356,,0.865765,,0.878923,,0.887092,,0.688824,,,
0.35,-0.889493,-0.978981,-0.887452,-0.881037,-0.871697,-0.863497,-0.978981,,0.978981,0.863497,,0.871697,,0.881037,,0.887452,,0.698858,,,
0.351,-0.807335,-0.951301,-0.875434,-0.866297,-0.855606,-0.846648,-0.951301,,0.951301,0.846648,,0.855606,,0.866297,,0.875434,,0.704281,,,
0.352,-1.286867,-0.958335,-0.937149,-0.950411,-0.963421,-0.978714,-0.958335,,0.958335,0.978714,,0.963421,,0.950411,,0.937149,,0.733411,,,
0.353,-0.913236,-1.020941,-0.933562,-0.942976,-0.950875,-0.959071,-1.020941,,1.020941,0.959071,,0.950875,,0.942976,,0.933562,,0.742402,,,
0.354,-0.861785,-0.994705,-0.922796,-0.926738,-0.928603,-0.929885,-0.994705,,0.994705,0.929885,,0.928603,,0.926738,,0.922796,,0.748371,,,
0.355,-1.117825,-1.040332,-0.95205,-0.964955,-0.975908,-0.986267,-1.040332,,1.040332,0.986267,,0.975908,,0.964955,,0.95205,,0.766844,,,
0.356,-1.102178,-1.028929,-0.974569,-0.9924,-1.007476,-1.02104,-1.028929,,1.028929,1.02104,,1.007476,,0.9924,,0.974569,,0.783611,,,
0.357,-1.056617,-1.002105,-0.986876,-1.005243,-1.019761,-1.031713,-1.002105,,1.002105,1.031713,,1.019761,,1.005243,,0.986876,,0.797261,,,
0.358,-1.345144,-0.982709,-1.040617,-1.073223,-1.101107,-1.125742,-0.982709,,0.982709,1.125742,,1.101107,,1.073223,,1.040617,,0.824655,,,
0.359,-1.066356,-0.968062,-1.044477,-1.07185,-1.092419,-1.107927,-0.968062,,0.968062,1.107927,,1.092419,,1.07185,,1.044477,,0.83674,,,
0.36,-0.996813,-0.912133,-1.037328,-1.056843,-1.068518,-1.074592,-0.912133,,0.912133,1.074592,,1.068518,,1.056843,,1.037328,,0.844744,,,
0.361,-0.764059,-0.893165,-0.996337,-0.998286,-0.992403,-0.981432,-0.893165,,0.893165,0.981432,,0.992403,,0.998286,,0.996337,,0.840709,,,
0.362,-0.512272,-0.878932,-0.923728,-0.901083,-0.87237,-0.840684,-0.878932,,0.878932,0.840684,,0.87237,,0.901083,,0.923728,,0.824288,,,
0.363,-1.073512,-0.843428,-0.946195,-0.935569,-0.922656,-0.910533,-0.843428,,0.843428,0.910533,,0.922656,,0.935569,,0.946195,,0.836749,,,
0.364,-0.752118,-0.767684,-0.917084,-0.898879,-0.880021,-0.863008,-0.767684,,0.767684,0.863008,,0.880021,,0.898879,,0.917084,,0.832517,,,
0.365,-0.24657,-0.743978,-0.816507,-0.768417,-0.721658,-0.678077,-0.743978,,0.743978,0.678077,,0.721658,,0.768417,,0.816507,,0.80322,,,
0.366,-0.909172,-0.694565,-0.830406,-0.796568,-0.768537,-0.747405,-0.694565,,0.694565,0.747405,,0.768537,,0.796568,,0.830406,,0.808518,,,
0.367,-0.945614,-0.682472,-0.847688,-0.826377,-0.812806,-0.806868,-0.682472,,0.682472,0.806868,,0.812806,,0.826377,,0.847688,,0.815372,,,
0.368,-0.666079,-0.695844,-0.820446,-0.794318,-0.776124,-0.764631,-0.695844,,0.695844,0.764631,,0.776124,,0.794318,,0.820446,,0.807908,,,
0.369,-0.511962,-0.666702,-0.774174,-0.737846,-0.710084,-0.68883,-0.666702,,0.666702,0.68883,,0.710084,,0.737846,,0.774174,,0.79311,,,
0.37,-0.805589,-0.61731,-0.778886,-0.751395,-0.73396,-0.723858,-0.61731,,0.61731,0.723858,,0.73396,,0.751395,,0.778886,,0.793734,,,
0.371,-0.45327,-0.680014,-0.730044,-0.69177,-0.663788,-0.642682,-0.680014,,0.680014,0.642682,,0.663788,,0.69177,,0.730044,,0.776711,,,
0.372,-0.631032,-0.726832,-0.715192,-0.679622,-0.655599,-0.639187,-0.726832,,0.726832,0.639187,,0.655599,,0.679622,,0.715192,,0.769427,,,
0.373,-0.659368,-0.665749,-0.706818,-0.675571,-0.656541,-0.645241,-0.665749,,0.665749,0.645241,,0.656541,,0.675571,,0.706818,,0.763924,,,
0.374,-0.752945,-0.679016,-0.713737,-0.691046,-0.680642,-0.677552,-0.679016,,0.679016,0.677552,,0.680642,,0.691046,,0.713737,,0.763375,,,
0.375,-0.208811,-0.682967,-0.637998,-0.594599,-0.562684,-0.53693,-0.682967,,0.682967,0.53693,,0.562684,,0.594599,,0.637998,,0.735647,,,
0.376,-0.936307,-0.619497,-0.682745,-0.662941,-0.65609,-0.656743,-0.619497,,0.619497,0.656743,,0.65609,,0.662941,,0.682745,,0.74568,,,
0.377,-1.424172,-0.660013,-0.793959,-0.815187,-0.84811,-0.886972,-0.660013,,0.660013,0.886972,,0.84811,,0.815187,,0.793959,,0.779605,,,
0.378,-0.273705,-0.668349,-0.715921,-0.706891,-0.704509,-0.702992,-0.668349,,0.668349,0.702992,,0.704509,,0.706891,,0.715921,,0.75431,,,
0.379,-0.81202,-0.678582,-0.730336,-0.727916,-0.731387,-0.7357,-0.678582,,0.678582,0.7357,,0.731387,,0.727916,,0.730336,,0.757195,,,
0.38,-0.555421,-0.654881,-0.704098,-0.693417,-0.687395,-0.681616,-0.654881,,0.654881,0.681616,,0.687395,,0.693417,,0.704098,,0.747106,,,
0.381,-0.107415,-0.645323,-0.614596,-0.576217,-0.5424,-0.509356,-0.645323,,0.645323,0.509356,,0.5424,,0.576217,,0.614596,,0.715122,,,
0.382,-0.898948,-0.567303,-0.657249,-0.640763,-0.631537,-0.626234,-0.567303,,0.567303,0.626234,,0.631537,,0.640763,,0.657249,,0.724313,,,
0.383,-0.722732,-0.453077,-0.667071,-0.657157,-0.654336,-0.655183,-0.453077,,0.453077,0.655183,,0.654336,,0.657157,,0.667071,,0.724234,,,
0.384,-0.771926,-0.491901,-0.682799,-0.680111,-0.683733,-0.690206,-0.491901,,0.491901,0.690206,,0.683733,,0.680111,,0.682799,,0.726619,,,
0.385,-0.492231,-0.509176,-0.654214,-0.642535,-0.635858,-0.630813,-0.509176,,0.509176,0.630813,,0.635858,,0.642535,,0.654214,,0.714899,,,
0.386,-0.103677,-0.488182,-0.571634,-0.534763,-0.502813,-0.472673,-0.488182,,0.488182,0.472673,,0.502813,,0.534763,,0.571634,,0.684338,,,
0.387,-0.078088,-0.524579,-0.497602,-0.443428,-0.396631,-0.354297,-0.524579,,0.524579,0.354297,,0.396631,,0.443428,,0.497602,,0.654026,,,
0.388,-0.167685,-0.464868,-0.448114,-0.38828,-0.339395,-0.298314,-0.464868,,0.464868,0.298314,,0.339395,,0.38828,,0.448114,,0.629709,,,
0.389,-0.700764,-0.414348,-0.486012,-0.450776,-0.429737,-0.419049,-0.414348,,0.414348,0.419049,,0.429737,,0.450776,,0.486012,,0.633261,,,
0.39,-1.002048,-0.372806,-0.563417,-0.561031,-0.572815,-0.593948,-0.372806,,0.372806,0.593948,,0.572815,,0.561031,,0.563417,,0.651701,,,
0.391,-0.324488,-0.336012,-0.527578,-0.513722,-0.510733,-0.51311,-0.336012,,0.336012,0.51311,,0.510733,,0.513722,,0.527578,,0.63534,,,
0.392,-0.50778,-0.343601,-0.524608,-0.512534,-0.509995,-0.511511,-0.343601,,0.343601,0.511511,,0.509995,,0.512534,,0.524608,,0.628962,,,
0.393,-0.242131,-0.338441,-0.482237,-0.458453,-0.443029,-0.430697,-0.338441,,0.338441,0.430697,,0.443029,,0.458453,,0.482237,,0.609621,,,
0.394,-0.167007,-0.350889,-0.434952,-0.400164,-0.374023,-0.35159,-0.350889,,0.350889,0.35159,,0.374023,,0.400164,,0.434952,,0.58749,,,
0.395,-0.314962,-0.292081,-0.416954,-0.383124,-0.359258,-0.340602,-0.292081,,0.292081,0.340602,,0.359258,,0.383124,,0.416954,,0.573863,,,
0.396,-0.087505,-0.187146,-0.367536,-0.324,-0.29132,-0.264673,-0.187146,,0.187146,0.264673,,0.29132,,0.324,,0.367536,,0.549546,,,
0.397,-0.187148,-0.118873,-0.340478,-0.296629,-0.265277,-0.241415,-0.118873,,0.118873,0.241415,,0.265277,,0.296629,,0.340478,,0.531426,,,
0.398,-0.021328,-0.060185,-0.292606,-0.241569,-0.20429,-0.175389,-0.060185,,0.060185,0.175389,,0.20429,,0.241569,,0.292606,,0.505921,,,
0.399,-0.304616,0.004726,-0.294407,-0.254179,-0.229371,-0.214157,0.004726,,0.004726,0.214157,,0.229371,,0.254179,,0.294407,,0.495856,,,
0.4,-0.053883,0.045062,-0.258328,-0.214119,-0.185499,-0.166075,0.045062,,0.045062,0.166075,,0.185499,,0.214119,,0.258328,,0.473757,,,
0.401,0.152247,0.104815,-0.196742,-0.140846,-0.101063,-0.070578,0.104815,,0.104815,0.070578,,0.101063,,0.140846,,0.196742,,0.442457,,,
0.402,0.426506,0.169934,-0.103255,-0.027376,0.03083,0.078547,0.169934,,0.169934,0.078547,,0.03083,,0.027376,,0.103255,,0.399009,,,
0.403,0.137789,0.165887,-0.067098,0.005657,0.057569,0.09632,0.165887,,0.165887,0.09632,,0.057569,,0.005657,,0.067098,,0.372169,,,
0.404,0.471895,0.163449,0.013751,0.098905,0.161151,0.208992,0.163449,,0.163449,0.208992,,0.161151,,0.098905,,0.013751,,0.329966,,,
0.405,0.276683,0.17881,0.053191,0.13446,0.190034,0.229299,0.17881,,0.17881,0.229299,,0.190034,,0.13446,,0.053191,,0.299633,,,
0.406,0.34233,0.14524,0.096561,0.176034,0.228108,0.263209,0.14524,,0.14524,0.263209,,0.228108,,0.176034,,0.096561,,0.267535,,,
0.407,0.628802,0.135681,0.176398,0.266588,0.328281,0.372887,0.135681,,0.135681,0.372887,,0.328281,,0.266588,,0.176398,,0.222718,,,
0.408,-0.231671,0.138741,0.115187,0.166936,0.188293,0.191519,0.138741,,0.138741,0.191519,,0.188293,,0.166936,,0.115187,,0.223166,,,
0.409,-0.048147,0.139861,0.090687,0.123919,0.129183,0.119619,0.139861,,0.139861,0.119619,,0.129183,,0.123919,,0.090687,,0.214415,,,
0.41,-0.135639,0.125446,0.056738,0.072008,0.062978,0.043042,0.125446,,0.125446,0.043042,,0.062978,,0.072008,,0.056738,,0.210476,,,
0.411,-0.42315,0.156502,-0.015245,-0.027024,-0.058554,-0.096816,0.156502,,0.156502,0.096816,,0.058554,,0.027024,,0.015245,,0.22111,,,
0.412,0.047088,0.193158,-0.005895,-0.012201,-0.032144,-0.053645,0.193158,,0.193158,0.053645,,0.032144,,0.012201,,0.005895,,0.2077,,,
0.413,0.460175,0.172133,0.064015,0.082274,0.090936,0.100501,0.172133,,0.172133,0.100501,,0.090936,,0.082274,,0.064015,,0.174306,,,
0.414,0.150103,0.27559,0.076929,0.09584,0.105728,0.115382,0.27559,,0.27559,0.115382,,0.105728,,0.09584,,0.076929,,0.158086,,,
0.415,0.313328,0.335915,0.112388,0.139337,0.157628,0.174766,0.335915,,0.335915,0.174766,,0.157628,,0.139337,,0.112388,,0.134515,,,
0.416,0.618308,0.386745,0.188276,0.235131,0.272798,0.307828,0.386745,,0.386745,0.307828,,0.272798,,0.235131,,0.188276,,0.096874,,,
0.417,0.745544,0.477637,0.271867,0.337214,0.390984,0.439143,0.477637,,0.477637,0.439143,,0.390984,,0.337214,,0.271867,,0.054753,,,
0.418,0.397528,0.507806,0.290716,0.349277,0.39262,0.426659,0.507806,,0.507806,0.426659,,0.39262,,0.349277,,0.290716,,0.032139,,,
0.419,0.906356,0.521274,0.383062,0.460693,0.521054,0.570568,0.521274,,0.521274,0.570568,,0.521054,,0.460693,,0.383062,,0.014786,,,
0.42,0.615423,0.580328,0.417916,0.491639,0.544646,0.584024,0.580328,,0.580328,0.584024,,0.544646,,0.491639,,0.417916,,0.044818,,,
0.421,0.423491,0.657322,0.418752,0.478009,0.514358,0.535864,0.657322,,0.657322,0.535864,,0.514358,,0.478009,,0.418752,,0.063751,,,
0.422,0.576661,0.730943,0.442439,0.49774,0.529933,0.548103,0.730943,,0.730943,0.548103,,0.529933,,0.49774,,0.442439,,0.089397,,,
0.423,0.378954,0.706204,0.432916,0.473982,0.492189,0.497359,0.706204,,0.706204,0.497359,,0.492189,,0.473982,,0.432916,,0.103875,,,
0.424,0.608318,0.75823,0.459226,0.50085,0.521221,0.530646,0.75823,,0.75823,0.530646,,0.521221,,0.50085,,0.459226,,0.129097,,,
0.425,0.799702,0.721002,0.510298,0.56062,0.590841,0.611363,0.721002,,0.721002,0.611363,,0.590841,,0.56062,,0.510298,,0.162627,,,
0.426,1.160255,0.747572,0.607791,0.680547,0.733195,0.776031,0.747572,,0.747572,0.776031,,0.733195,,0.680547,,0.607791,,0.212509,,,
0.427,1.428145,0.771568,0.730844,0.830067,0.906932,0.971665,0.771568,,0.771568,0.971665,,0.906932,,0.830067,,0.730844,,0.27329,,,
0.428,0.473416,0.73275,0.69223,0.758736,0.798553,0.82219,0.73275,,0.73275,0.82219,,0.798553,,0.758736,,0.69223,,0.283297,,,
0.429,0.969807,0.785989,0.733867,0.800951,0.841367,0.866475,0.785989,,0.785989,0.866475,,0.841367,,0.800951,,0.733867,,0.317622,,,
0.43,0.496854,0.777006,0.698315,0.740131,0.755238,0.755589,0.777006,,0.777006,0.755589,,0.755238,,0.740131,,0.698315,,0.326584,,,
0.431,0.907686,0.75471,0.72972,0.773642,0.79335,0.801218,0.75471,,0.75471,0.801218,,0.79335,,0.773642,,0.72972,,0.355639,,,
0.432,0.687445,0.68878,0.723379,0.756403,0.766874,0.767086,0.68878,,0.68878,0.767086,,0.766874,,0.756403,,0.723379,,0.372229,,,
0.433,0.149667,0.614943,0.637322,0.635056,0.612572,0.58186,0.614943,,0.614943,0.58186,,0.612572,,0.635056,,0.637322,,0.361101,,,
0.434,0.964584,0.663491,0.686412,0.700961,0.700575,0.696677,0.663491,,0.663491,0.696677,,0.700575,,0.700961,,0.686412,,0.391275,,,
0.435,0.509506,0.656625,0.659876,0.66267,0.652808,0.640526,0.656625,,0.656625,0.640526,,0.652808,,0.66267,,0.659876,,0.397187,,,
0.436,0.554446,0.713338,0.644061,0.641025,0.628217,0.614702,0.713338,,0.713338,0.614702,,0.628217,,0.641025,,0.644061,,0.40505,,,
0.437,0.435026,0.739432,0.612706,0.599826,0.57992,0.560799,0.739432,,0.739432,0.560799,,0.57992,,0.599826,,0.612706,,0.406549,,,
0.438,0.615934,0.816384,0.61319,0.603047,0.588923,0.57734,0.816384,,0.816384,0.57734,,0.588923,,0.603047,,0.61319,,0.417018,,,
0.439,1.007445,0.90002,0.672328,0.683927,0.693554,0.706371,0.90002,,0.90002,0.706371,,0.693554,,0.683927,,0.672328,,0.446539,,,
0.44,0.894283,0.880024,0.705622,0.725998,0.743736,0.762745,0.880024,,0.880024,0.762745,,0.743736,,0.725998,,0.705622,,0.468926,,,
0.441,1.120696,0.970296,0.767883,0.804938,0.837976,0.87013,0.970296,,0.970296,0.87013,,0.837976,,0.804938,,0.767883,,0.501515,,,
0.442,1.194717,1.016066,0.831908,0.882893,0.927161,0.967506,1.016066,,1.016066,0.967506,,0.927161,,0.882893,,0.831908,,0.536175,,,
0.443,1.533919,1.108333,0.93721,1.013099,1.078851,1.13743,1.108333,,1.108333,1.13743,,1.078851,,1.013099,,0.93721,,0.586062,,,
0.444,1.069663,1.159277,0.957078,1.024411,1.076554,1.1171,1.159277,,1.159277,1.1171,,1.076554,,1.024411,,0.957078,,0.610242,,,
0.445,0.744631,1.155024,0.925211,0.968455,0.993573,1.005359,1.155024,,1.155024,1.005359,,0.993573,,0.968455,,0.925211,,0.616962,,,
0.446,1.502493,1.168483,1.011803,1.075263,1.120803,1.154499,1.168483,,1.168483,1.154499,,1.120803,,1.075263,,1.011803,,0.661238,,,
0.447,1.057919,1.199854,1.01872,1.071794,1.105082,1.125525,1.199854,,1.199854,1.125525,,1.105082,,1.071794,,1.01872,,0.681072,,,
0.448,1.449962,1.223685,1.083407,1.147428,1.191302,1.222856,1.223685,,1.223685,1.222856,,1.191302,,1.147428,,1.083407,,0.719517,,,
0.449,1.176323,1.15903,1.097344,1.153207,1.187557,1.208896,1.15903,,1.15903,1.208896,,1.187557,,1.153207,,1.097344,,0.742357,,,
0.45,0.960659,1.137765,1.076841,1.114697,1.130833,1.134425,1.137765,,1.137765,1.134425,,1.130833,,1.114697,,1.076841,,0.753272,,,
0.451,1.042336,1.17143,1.071666,1.100225,1.108709,1.106798,1.17143,,1.17143,1.106798,,1.108709,,1.100225,,1.071666,,0.767725,,,
0.452,1.465773,1.085787,1.130782,1.173335,1.197975,1.214491,1.085787,,1.085787,1.214491,,1.197975,,1.173335,,1.130782,,0.802628,,,
0.453,1.456853,1.076062,1.179692,1.230038,1.262694,1.287199,1.076062,,1.076062,1.287199,,1.262694,,1.230038,,1.179692,,0.835339,,,
0.454,0.822718,1.025223,1.126146,1.148574,1.1527,1.147855,1.025223,,1.025223,1.147855,,1.1527,,1.148574,,1.126146,,0.834708,,,
0.455,0.835746,1.013305,1.082586,1.086009,1.073462,1.054222,1.013305,,1.013305,1.054222,,1.073462,,1.086009,,1.082586,,0.83476,,,
0.456,1.114948,0.994397,1.08744,1.091796,1.083833,1.07244,0.994397,,0.994397,1.07244,,1.083833,,1.091796,,1.08744,,0.848769,,,
0.457,0.560415,0.9515,1.008387,0.98552,0.952979,0.918833,0.9515,,0.9515,0.918833,,0.952979,,0.98552,,1.008387,,0.834352,,,
0.458,0.950947,0.859853,0.999771,0.978606,0.952471,0.928467,0.859853,,0.859853,0.928467,,0.952471,,0.978606,,0.999771,,0.840181,,,
0.459,0.890731,0.796487,0.983415,0.961031,0.937036,0.917146,0.796487,,0.796487,0.917146,,0.937036,,0.961031,,0.983415,,0.842709,,,
0.46,1.045229,0.808368,0.992687,0.97787,0.964084,0.955571,0.808368,,0.808368,0.955571,,0.964084,,0.97787,,0.992687,,0.852835,,,
0.461,0.752674,0.821351,0.956685,0.932831,0.911232,0.894702,0.821351,,0.821351,0.894702,,0.911232,,0.932831,,0.956685,,0.847827,,,
0.462,0.570463,0.865784,0.898752,0.860357,0.826039,0.79743,0.865784,,0.865784,0.79743,,0.826039,,0.860357,,0.898752,,0.833959,,,
0.463,0.457663,0.932445,0.832588,0.779819,0.733945,0.6955,0.932445,,0.932445,0.6955,,0.733945,,0.779819,,0.832588,,0.815144,,,
0.464,0.759823,0.900564,0.821674,0.775819,0.740415,0.714797,0.900564,,0.900564,0.714797,,0.740415,,0.775819,,0.821674,,0.812378,,,
0.465,0.953404,0.902618,0.841433,0.811336,0.793662,0.786379,0.902618,,0.902618,0.786379,,0.793662,,0.811336,,0.841433,,0.819429,,,
0.466,0.978561,0.862709,0.862002,0.844781,0.839887,0.844034,0.862709,,0.862709,0.844034,,0.839887,,0.844781,,0.862002,,0.827386,,,
0.467,1.603715,0.845889,0.973259,0.996568,1.030844,1.071938,0.845889,,0.845889,1.071938,,1.030844,,0.996568,,0.973259,,0.866202,,,
0.468,1.293683,0.852565,1.021323,1.055991,1.096554,1.138462,0.852565,,0.852565,1.138462,,1.096554,,1.055991,,1.021323,,0.887576,,,
0.469,0.600257,0.876824,0.958163,0.964844,0.972479,0.977,0.876824,,0.876824,0.977,,0.972479,,0.964844,,0.958163,,0.87321,,,
0.47,0.91333,0.844597,0.951438,0.954541,0.957692,0.957899,0.844597,,0.844597,0.957899,,0.957692,,0.954541,,0.951438,,0.875216,,,
0.471,0.606228,0.831878,0.899656,0.884879,0.869826,0.852398,0.831878,,0.831878,0.852398,,0.869826,,0.884879,,0.899656,,0.861767,,,
0.472,0.567647,0.757184,0.849855,0.821432,0.794281,0.766973,0.757184,,0.757184,0.766973,,0.794281,,0.821432,,0.849855,,0.847061,,,
0.473,0.643905,0.658825,0.818963,0.785927,0.756687,0.730052,0.658825,,0.658825,0.730052,,0.756687,,0.785927,,0.818963,,0.836903,,,
0.474,0.724509,0.662163,0.804795,0.773643,0.748643,0.728389,0.662163,,0.662163,0.728389,,0.748643,,0.773643,,0.804795,,0.831283,,,
0.475,0.405329,0.667114,0.744875,0.69998,0.662814,0.631471,0.667114,,0.667114,0.631471,,0.662814,,0.69998,,0.744875,,0.809986,,,
0.476,0.813491,0.679888,0.755167,0.722683,0.700483,0.686077,0.679888,,0.679888,0.686077,,0.700483,,0.722683,,0.755167,,0.810161,,,
0.477,0.156927,0.686671,0.665431,0.609531,0.564594,0.527332,0.686671,,0.686671,0.527332,,0.564594,,0.609531,,0.665431,,0.777499,,,
0.478,0.521769,0.711892,0.643882,0.591979,0.553888,0.525663,0.711892,,0.711892,0.525663,,0.553888,,0.591979,,0.643882,,0.764713,,,
0.479,1.330406,0.712894,0.74686,0.739664,0.748017,0.767086,0.712894,,0.712894,0.767086,,0.748017,,0.739664,,0.74686,,0.792997,,,
0.48,0.654709,0.701836,0.733038,0.722673,0.72469,0.733373,0.701836,,0.701836,0.733373,,0.72469,,0.722673,,0.733038,,0.786083,,,
0.481,1.053851,0.699729,0.78116,0.788909,0.806981,0.829516,0.699729,,0.699729,0.829516,,0.806981,,0.788909,,0.78116,,0.799471,,,
0.482,0.68084,0.688324,0.766112,0.767295,0.775445,0.784913,0.688324,,0.688324,0.784913,,0.775445,,0.767295,,0.766112,,0.79354,,,
0.483,0.845078,0.694987,0.777957,0.782852,0.792854,0.802963,0.694987,,0.694987,0.802963,,0.792854,,0.782852,,0.777957,,0.796117,,,
0.484,0.65493,0.702119,0.759503,0.757267,0.758373,0.758553,0.702119,,0.702119,0.758553,,0.758373,,0.757267,,0.759503,,0.789057,,,
0.485,0.602868,0.638864,0.736007,0.726387,0.719496,0.711847,0.638864,,0.638864,0.711847,,0.719496,,0.726387,,0.736007,,0.779748,,,
0.486,0.382146,0.609086,0.682928,0.657539,0.635159,0.612937,0.609086,,0.609086,0.612937,,0.635159,,0.657539,,0.682928,,0.759868,,,
0.487,0.688042,0.517395,0.683695,0.66364,0.64838,0.635469,0.517395,,0.517395,0.635469,,0.64838,,0.66364,,0.683695,,0.756276,,,
0.488,0.23022,0.473004,0.615674,0.576956,0.54384,0.513894,0.473004,,0.473004,0.513894,,0.54384,,0.576956,,0.615674,,0.729974,,,
0.489,0.600217,0.387503,0.613355,0.581608,0.557934,0.539791,0.387503,,0.387503,0.539791,,0.557934,,0.581608,,0.613355,,0.723486,,,
0.49,0.634603,0.349518,0.616543,0.592207,0.577101,0.568235,0.349518,,0.349518,0.568235,,0.577101,,0.592207,,0.616543,,0.719042,,,
0.491,0.327147,0.238866,0.573133,0.539195,0.514613,0.495908,0.238866,,0.238866,0.495908,,0.514613,,0.539195,,0.573133,,0.699447,,,
0.492,0.045258,0.188819,0.493952,0.440408,0.397274,0.360713,0.188819,,0.188819,0.360713,,0.397274,,0.440408,,0.493952,,0.666738,,,
0.493,0.19253,0.066996,0.448739,0.390832,0.346088,0.310258,0.066996,,0.066996,0.310258,,0.346088,,0.390832,,0.448739,,0.643027,,,
0.494,-0.095432,0.002529,0.367113,0.293579,0.235708,0.188551,0.002529,,0.002529,0.188551,,0.235708,,0.293579,,0.367113,,0.606104,,,
0.495,0.237099,-0.014839,0.347611,0.282283,0.236056,0.203116,-0.014839,,0.014839,0.203116,,0.236056,,0.282283,,0.347611,,0.587654,,,
0.496,-0.6143,-0.045354,0.203324,0.102967,0.023467,-0.042109,-0.045354,,0.045354,0.042109,,0.023467,,0.102967,,0.203324,,0.527556,,,
0.497,-0.168377,-0.089738,0.147569,0.048698,-0.024494,-0.079989,-0.089738,,0.089738,0.079989,,0.024494,,0.048698,,0.147569,,0.49276,,,
0.498,-0.65201,-0.128675,0.027632,-0.091444,-0.181373,-0.251596,-0.128675,,0.128675,0.251596,,0.181373,,0.091444,,0.027632,,0.435521,,,
0.499,-0.478911,-0.221131,-0.048349,-0.168937,-0.255758,-0.31979,-0.221131,,0.221131,0.31979,,0.255758,,0.168937,,0.048349,,0.389799,,,
0.5,0.409159,-0.223317,0.020277,-0.053318,-0.089528,-0.101105,-0.223317,,0.223317,0.101105,,0.089528,,0.053318,,0.020277,,0.390767,,,
0.501,0.298948,-0.178603,0.062078,0.017135,0.007591,0.018911,-0.178603,,0.178603,0.018911,,0.007591,,0.017135,,0.062078,,0.386176,,,
0.502,-0.161078,-0.116019,0.028604,-0.018507,-0.034576,-0.035086,-0.116019,,0.116019,0.035086,,0.034576,,0.018507,,0.028604,,0.358814,,,
0.503,-0.383056,-0.127894,-0.033145,-0.091417,-0.121696,-0.139477,-0.127894,,0.127894,0.139477,,0.121696,,0.091417,,0.033145,,0.32172,,,
0.504,-0.824481,-0.075681,-0.151845,-0.23803,-0.297393,-0.344978,-0.075681,,0.075681,0.344978,,0.297393,,0.23803,,0.151845,,0.26441,,,
0.505,-0.119483,-0.102808,-0.146991,-0.214321,-0.252915,-0.27733,-0.102808,,0.102808,0.27733,,0.252915,,0.214321,,0.146991,,0.245216,,,
0.506,0.728954,-0.184526,-0.015599,-0.025666,-0.007448,0.024555,-0.184526,,0.184526,0.024555,,0.007448,,0.025666,,0.015599,,0.269402,,,
0.507,0.074125,-0.253143,-0.002141,-0.005707,0.012945,0.039426,-0.253143,,0.253143,0.039426,,0.012945,,0.005707,,0.002141,,0.259639,,,
0.508,-0.299005,-0.291661,-0.04667,-0.064367,-0.065042,-0.062103,-0.291661,,0.291661,0.062103,,0.065042,,0.064367,,0.04667,,0.231706,,,
0.509,-0.077664,-0.29127,-0.051319,-0.067026,-0.068198,-0.066771,-0.29127,,0.29127,0.066771,,0.068198,,0.067026,,0.051319,,0.216238,,,
0.51,-0.777305,-0.266371,-0.160217,-0.209082,-0.245475,-0.279931,-0.266371,,0.266371,0.279931,,0.245475,,0.209082,,0.160217,,0.166561,,,
0.511,-0.489738,-0.29837,-0.209645,-0.265213,-0.30654,-0.342873,-0.29837,,0.29837,0.342873,,0.30654,,0.265213,,0.209645,,0.133746,,,
0.512,-0.455838,-0.444398,-0.246574,-0.303338,-0.343865,-0.376763,-0.444398,,0.444398,0.376763,,0.343865,,0.303338,,0.246574,,0.104267,,,
0.513,-0.584781,-0.486049,-0.297305,-0.359627,-0.404094,-0.439168,-0.486049,,0.486049,0.439168,,0.404094,,0.359627,,0.297305,,0.069814,,,
0.514,-0.378749,-0.471158,-0.309522,-0.363451,-0.397758,-0.421042,-0.471158,,0.471158,0.421042,,0.397758,,0.363451,,0.309522,,0.047386,,,
0.515,-0.550597,-0.543991,-0.345683,-0.40088,-0.435967,-0.459909,-0.543991,,0.543991,0.459909,,0.435967,,0.40088,,0.345683,,0.017487,,,
0.516,-0.471467,-0.547638,-0.364551,-0.414998,-0.444842,-0.463376,-0.547638,,0.547638,0.463376,,0.444842,,0.414998,,0.364551,,0.006961,,,
0.517,-0.877356,-0.513946,-0.441471,-0.507469,-0.552971,-0.58757,-0.513946,,0.513946,0.58757,,0.552971,,0.507469,,0.441471,,0.050481,,,
0.518,-0.384039,-0.523135,-0.432857,-0.482783,-0.510738,-0.526511,-0.523135,,0.523135,0.526511,,0.510738,,0.482783,,0.432857,,0.067158,,,
0.519,-0.135206,-0.476626,-0.388209,-0.413268,-0.416855,-0.409119,-0.476626,,0.476626,0.409119,,0.416855,,0.413268,,0.388209,,0.070561,,,
0.52,-0.87883,-0.500364,-0.461802,-0.50638,-0.532349,-0.550033,-0.500364,,0.500364,0.550033,,0.532349,,0.50638,,0.461802,,0.110974,,,
0.521,-0.817412,-0.459605,-0.515144,-0.568587,-0.603614,-0.630246,-0.459605,,0.459605,0.630246,,0.603614,,0.568587,,0.515144,,0.146296,,,
0.522,-0.119132,-0.466641,-0.455742,-0.478696,-0.482494,-0.476912,-0.466641,,0.466641,0.476912,,0.482494,,0.478696,,0.455742,,0.144938,,,
0.523,-0.556912,-0.439198,-0.470917,-0.494339,-0.501098,-0.500912,-0.439198,,0.439198,0.500912,,0.501098,,0.494339,,0.470917,,0.165537,,,
0.524,-0.073189,-0.427825,-0.411258,-0.410109,-0.394121,-0.372595,-0.427825,,0.427825,0.372595,,0.394121,,0.410109,,0.411258,,0.160919,,,
0.525,-0.639867,-0.498947,-0.445549,-0.456061,-0.455558,-0.452777,-0.498947,,0.498947,0.452777,,0.455558,,0.456061,,0.445549,,0.184867,,,
0.526,-0.102244,-0.525528,-0.394054,-0.385297,-0.367229,-0.347617,-0.525528,,0.525528,0.347617,,0.367229,,0.385297,,0.394054,,0.180736,,,
0.527,-0.548862,-0.550896,-0.417275,-0.41801,-0.412637,-0.40799,-0.550896,,0.550896,0.40799,,0.412637,,0.41801,,0.417275,,0.199142,,,
0.528,-0.575488,-0.620688,-0.441007,-0.449506,-0.45335,-0.45824,-0.620688,,0.620688,0.45824,,0.45335,,0.449506,,0.441007,,0.217959,,,
0.529,-0.258936,-0.709718,-0.413696,-0.411392,-0.404747,-0.398449,-0.709718,,0.709718,0.398449,,0.404747,,0.411392,,0.413696,,0.220008,,,
0.53,-0.917548,-0.784861,-0.489274,-0.512623,-0.532947,-0.554178,-0.784861,,0.784861,0.554178,,0.532947,,0.512623,,0.489274,,0.254885,,,
0.531,-1.171221,-0.840934,-0.591566,-0.644343,-0.692515,-0.739291,-0.840934,,0.840934,0.739291,,0.692515,,0.644343,,0.591566,,0.300702,,,
0.532,-1.096454,-0.898477,-0.667299,-0.734765,-0.7935,-0.84644,-0.898477,,0.898477,0.84644,,0.7935,,0.734765,,0.667299,,0.340489,,,
0.533,-0.886845,-1.009091,-0.700231,-0.765181,-0.816836,-0.858562,-1.009091,,1.009091,0.858562,,0.816836,,0.765181,,0.700231,,0.367807,,,
0.534,-1.536246,-1.069379,-0.825633,-0.919394,-0.996689,-1.061867,-1.069379,,1.069379,1.061867,,0.996689,,0.919394,,0.825633,,0.426229,,,
0.535,-0.899765,-1.178293,-0.836753,-0.915468,-0.972458,-1.013236,-1.178293,,1.178293,1.013236,,0.972458,,0.915468,,0.836753,,0.449906,,,
0.536,-1.25667,-1.199094,-0.899741,-0.983709,-1.043511,-1.086266,-1.199094,,1.199094,1.086266,,1.043511,,0.983709,,0.899741,,0.490244,,,
0.537,-0.735214,-1.163231,-0.875062,-0.93401,-0.966437,-0.980951,-1.163231,,1.163231,0.980951,,0.966437,,0.93401,,0.875062,,0.502493,,,
0.538,-1.765612,-1.142452,-1.008644,-1.10033,-1.16623,-1.216349,-1.142452,,1.142452,1.216349,,1.16623,,1.10033,,1.008644,,0.565649,,,
0.539,-1.238654,-1.140747,-1.043146,-1.127995,-1.184336,-1.223041,-1.140747,,1.140747,1.223041,,1.184336,,1.127995,,1.043146,,0.599299,,,
0.54,-1.456997,-1.077037,-1.105223,-1.193795,-1.252502,-1.293227,-1.077037,,1.077037,1.293227,,1.252502,,1.193795,,1.105223,,0.642184,,,
0.541,-1.146359,-1.062594,-1.111394,-1.184308,-1.225966,-1.249167,-1.062594,,1.062594,1.249167,,1.225966,,1.184308,,1.111394,,0.667393,,,
0.542,-0.776726,-1.051653,-1.061194,-1.102792,-1.113656,-1.107435,-1.051653,,1.051653,1.107435,,1.113656,,1.102792,,1.061194,,0.672859,,,
0.543,-0.867881,-1.04558,-1.032197,-1.05581,-1.052212,-1.035569,-1.04558,,1.04558,1.035569,,1.052212,,1.05581,,1.032197,,0.68261,,,
0.544,-0.868089,-0.952243,-1.007581,-1.018265,-1.006181,-0.985325,-0.952243,,0.952243,0.985325,,1.006181,,1.018265,,1.007581,,0.691884,,,
0.545,-0.835444,-0.920046,-0.98176,-0.981701,-0.963497,-0.94036,-0.920046,,0.920046,0.94036,,0.963497,,0.981701,,0.98176,,0.699062,,,
0.546,-0.740887,-0.868897,-0.945629,-0.933538,-0.907845,-0.880518,-0.868897,,0.868897,0.880518,,0.907845,,0.933538,,0.945629,,0.701153,,,
0.547,-1.136319,-0.858015,-0.974233,-0.974094,-0.964963,-0.957259,-0.858015,,0.858015,0.957259,,0.964963,,0.974094,,0.974233,,0.722912,,,
0.548,-0.668415,-0.837116,-0.92836,-0.912959,-0.890826,-0.870606,-0.837116,,0.837116,0.870606,,0.890826,,0.912959,,0.92836,,0.720187,,,
0.549,-0.738903,-0.868077,-0.899941,-0.878147,-0.852845,-0.831095,-0.868077,,0.868077,0.831095,,0.852845,,0.878147,,0.899941,,0.721123,,,
0.55,-0.884489,-0.905507,-0.897624,-0.879416,-0.860756,-0.847113,-0.905507,,0.905507,0.847113,,0.860756,,0.879416,,0.897624,,0.729291,,,
0.551,-0.89435,-0.956699,-0.897133,-0.882403,-0.869155,-0.861284,-0.956699,,0.956699,0.861284,,0.869155,,0.882403,,0.897133,,0.737544,,,
0.552,-1.026658,-1.020927,-0.916561,-0.911254,-0.908531,-0.910896,-1.020927,,1.020927,0.910896,,0.908531,,0.911254,,0.916561,,0.752,,,
0.553,-0.546843,-1.050306,-0.861104,-0.838372,-0.818109,-0.80168,-1.050306,,1.050306,0.80168,,0.818109,,0.838372,,0.861104,,0.741742,,,
0.554,-1.208454,-1.106699,-0.913206,-0.912388,-0.915695,-0.923712,-1.106699,,1.106699,0.923712,,0.915695,,0.912388,,0.913206,,0.765077,,,
0.555,-1.279813,-1.127913,-0.968197,-0.985873,-1.006724,-1.030543,-1.127913,,1.127913,1.030543,,1.006724,,0.985873,,0.968197,,0.790814,,,
0.556,-1.398557,-1.118304,-1.032751,-1.06841,-1.104683,-1.140947,-1.118304,,1.118304,1.140947,,1.104683,,1.06841,,1.032751,,0.821201,,,
0.557,-1.447399,-1.109443,-1.094948,-1.144208,-1.190362,-1.232883,-1.109443,,1.109443,1.232883,,1.190362,,1.144208,,1.094948,,0.852511,,,
0.558,-1.459482,-1.105711,-1.149628,-1.207263,-1.257642,-1.300862,-1.105711,,1.105711,1.300862,,1.257642,,1.207263,,1.149628,,0.88286,,,
0.559,-1.288736,-1.096413,-1.170495,-1.223557,-1.265415,-1.297224,-1.096413,,1.096413,1.297224,,1.265415,,1.223557,,1.170495,,0.903154,,,
0.56,-0.972261,-1.029206,-1.140759,-1.173298,-1.192127,-1.199735,-1.029206,,1.029206,1.199735,,1.192127,,1.173298,,1.140759,,0.906609,,,
0.561,-0.778789,-0.979586,-1.086464,-1.094396,-1.088792,-1.073451,-0.979586,,0.979586,1.073451,,1.088792,,1.094396,,1.086464,,0.900218,,,
0.562,-0.796877,-0.933791,-1.043026,-1.034892,-1.015813,-0.990479,-0.933791,,0.933791,0.990479,,1.015813,,1.034892,,1.043026,,0.895051,,,
0.563,-0.985612,-0.853322,-1.034414,-1.025036,-1.008263,-0.989019,-0.853322,,0.853322,0.989019,,1.008263,,1.025036,,1.034414,,0.899579,,,
0.564,-0.44456,-0.785086,-0.945936,-0.908941,-0.867337,-0.825681,-0.785086,,0.785086,0.825681,,0.867337,,0.908941,,0.945936,,0.876828,,,
0.565,-0.469183,-0.78097,-0.874423,-0.820989,-0.767799,-0.718732,-0.78097,,0.78097,0.718732,,0.767799,,0.820989,,0.874423,,0.856446,,,
0.566,-0.73399,-0.771887,-0.853358,-0.80359,-0.759347,-0.723309,-0.771887,,0.771887,0.723309,,0.759347,,0.80359,,0.853358,,0.850323,,,
0.567,-0.894813,-0.774675,-0.859576,-0.821834,-0.793213,-0.77476,-0.774675,,0.774675,0.77476,,0.793213,,0.821834,,0.859576,,0.852547,,,
0.568,-0.562242,-0.80967,-0.814976,-0.769916,-0.73547,-0.711005,-0.80967,,0.80967,0.711005,,0.73547,,0.769916,,0.814976,,0.838032,,,
0.569,-0.708885,-0.798454,-0.799062,-0.75771,-0.728824,-0.710369,-0.798454,,0.798454,0.710369,,0.728824,,0.75771,,0.799062,,0.831575,,,
0.57,-1.243455,-0.88018,-0.865721,-0.854859,-0.857482,-0.870295,-0.88018,,0.88018,0.870295,,0.857482,,0.854859,,0.865721,,0.852169,,,
0.571,-0.872352,-0.880609,-0.866716,-0.858357,-0.861199,-0.870912,-0.880609,,0.880609,0.870912,,0.861199,,0.858357,,0.866716,,0.853178,,,
0.572,-0.80946,-0.854677,-0.858128,-0.848578,-0.848264,-0.852476,-0.854677,,0.854677,0.852476,,0.848264,,0.848578,,0.858128,,0.850992,,,
0.573,-1.181823,-0.848852,-0.906682,-0.915227,-0.931654,-0.95128,-0.848852,,0.848852,0.95128,,0.931654,,0.915227,,0.906682,,0.867534,,,
0.574,-0.862227,-0.849164,-0.900014,-0.904627,-0.914297,-0.924564,-0.849164,,0.849164,0.924564,,0.914297,,0.904627,,0.900014,,0.867268,,,
0.575,-1.343554,-0.90388,-0.966545,-0.992412,-1.021612,-1.050261,-0.90388,,0.90388,1.050261,,1.021612,,0.992412,,0.966545,,0.891083,,,
0.576,-0.473903,-0.867855,-0.892648,-0.88871,-0.884684,-0.877354,-0.867855,,0.867855,0.877354,,0.884684,,0.88871,,0.892648,,0.870224,,,
0.577,-0.44873,-0.834587,-0.826061,-0.800714,-0.775696,-0.748767,-0.834587,,0.834587,0.748767,,0.775696,,0.800714,,0.826061,,0.849149,,,
0.578,-0.830736,-0.821807,-0.826762,-0.806719,-0.789456,-0.773357,-0.821807,,0.821807,0.773357,,0.789456,,0.806719,,0.826762,,0.848228,,,
0.579,-0.565674,-0.721389,-0.787599,-0.75851,-0.73351,-0.711052,-0.721389,,0.721389,0.711052,,0.73351,,0.75851,,0.787599,,0.834101,,,
0.58,-1.310762,-0.611623,-0.866073,-0.86896,-0.877823,-0.890965,-0.611623,,0.611623,0.890965,,0.877823,,0.86896,,0.866073,,0.857934,,,
0.581,-0.847184,-0.542986,-0.86324,-0.864605,-0.870163,-0.877831,-0.542986,,0.542986,0.877831,,0.870163,,0.864605,,0.86324,,0.857396,,,
0.582,-0.506403,-0.544139,-0.809714,-0.792965,-0.779223,-0.766403,-0.544139,,0.544139,0.766403,,0.779223,,0.792965,,0.809714,,0.839847,,,
0.583,-0.668878,-0.519703,-0.788589,-0.768147,-0.751637,-0.737145,-0.519703,,0.519703,0.737145,,0.751637,,0.768147,,0.788589,,0.831298,,,
0.584,-0.077223,-0.425418,-0.681884,-0.629962,-0.583034,-0.539169,-0.425418,,0.425418,0.539169,,0.583034,,0.629962,,0.681884,,0.793594,,,
0.585,0.345198,-0.435423,-0.527822,-0.43493,-0.350976,-0.273859,-0.435423,,0.435423,0.273859,,0.350976,,0.43493,,0.527822,,0.736655,,,
0.586,-0.588552,-0.340452,-0.536931,-0.465655,-0.41037,-0.368267,-0.340452,,0.340452,0.368267,,0.41037,,0.465655,,0.536931,,0.72925,,,
0.587,-0.486584,-0.247059,-0.529379,-0.469841,-0.429423,-0.403762,-0.247059,,0.247059,0.403762,,0.429423,,0.469841,,0.529379,,0.717116,,,
0.588,-0.179933,-0.280611,-0.476962,-0.411859,-0.367051,-0.336613,-0.280611,,0.280611,0.336613,,0.367051,,0.411859,,0.476962,,0.690257,,,
0.589,0.2064,-0.289068,-0.374458,-0.288207,-0.223688,-0.173709,-0.289068,,0.289068,0.173709,,0.223688,,0.288207,,0.374458,,0.645424,,,
0.59,-0.675729,-0.326004,-0.419649,-0.365712,-0.336698,-0.324315,-0.326004,,0.326004,0.324315,,0.336698,,0.365712,,0.419649,,0.64694,,,
0.591,-0.266084,-0.400269,-0.396614,-0.345786,-0.319045,-0.306846,-0.400269,,0.400269,0.306846,,0.319045,,0.345786,,0.396614,,0.627897,,,
0.592,0.180143,-0.347867,-0.3101,-0.2406,-0.194248,-0.160749,-0.347867,,0.347867,0.160749,,0.194248,,0.2406,,0.3101,,0.587495,,,
0.593,-0.875474,-0.313437,-0.394906,-0.367575,-0.364554,-0.375167,-0.313437,,0.313437,0.375167,,0.364554,,0.367575,,0.394906,,0.601894,,,
0.594,-0.761913,-0.353962,-0.449957,-0.446443,-0.463894,-0.491191,-0.353962,,0.353962,0.491191,,0.463894,,0.446443,,0.449957,,0.609895,,,
0.595,-0.483516,-0.358669,-0.454991,-0.453857,-0.4688,-0.488888,-0.358669,,0.358669,0.488888,,0.4688,,0.453857,,0.454991,,0.603576,,,
0.596,-0.471721,-0.304516,-0.457501,-0.45743,-0.46953,-0.483738,-0.304516,,0.304516,0.483738,,0.46953,,0.45743,,0.457501,,0.596983,,,
0.597,-0.012131,-0.229173,-0.390695,-0.36837,-0.35518,-0.342256,-0.229173,,0.229173,0.342256,,0.35518,,0.36837,,0.390695,,0.56774,,,
0.598,-0.10785,-0.239401,-0.348268,-0.316266,-0.293348,-0.271934,-0.239401,,0.239401,0.271934,,0.293348,,0.316266,,0.348268,,0.544746,,,
0.599,-0.625703,-0.148489,-0.389884,-0.378154,-0.376436,-0.378065,-0.148489,,0.148489,0.378065,,0.376436,,0.378154,,0.389884,,0.548794,,,
0.6,0.154623,-0.032063,-0.308208,-0.271598,-0.243672,-0.218258,-0.032063,,0.032063,0.218258,,0.243672,,0.271598,,0.308208,,0.513623,,,
0.601,-0.080048,0.067027,-0.273984,-0.233288,-0.202766,-0.176795,0.067027,,0.067027,0.176795,,0.202766,,0.233288,,0.273984,,0.491944,,,
0.602,0.562682,0.156672,-0.148484,-0.074094,-0.011404,0.045048,0.156672,,0.156672,0.045048,,0.011404,,0.074094,,0.148484,,0.439213,,,
0.603,0.067635,0.145099,-0.116066,-0.045748,0.008356,0.051824,0.145099,,0.145099,0.051824,,0.008356,,0.045748,,0.116066,,0.41387,,,
0.604,0.12456,0.200558,-0.079972,-0.011687,0.037407,0.073645,0.200558,,0.200558,0.073645,,0.037407,,0.011687,,0.079972,,0.386949,,,
0.605,0.518774,0.257325,0.00984,0.094405,0.157749,0.207184,0.257325,,0.257325,0.207184,,0.157749,,0.094405,,0.00984,,0.341663,,,
0.606,0.606471,0.27486,0.099334,0.196819,0.269929,0.32697,0.27486,,0.27486,0.32697,,0.269929,,0.196819,,0.099334,,0.294256,,,
0.607,0.514376,0.266087,0.161591,0.26033,0.331041,0.383192,0.266087,,0.266087,0.383192,,0.331041,,0.26033,,0.161591,,0.253824,,,
0.608,-0.139432,0.248502,0.116437,0.180378,0.213423,0.226405,0.248502,,0.248502,0.226405,,0.213423,,0.180378,,0.116437,,0.248105,,,
0.609,0.502205,0.24177,0.174302,0.244743,0.285618,0.309145,0.24177,,0.24177,0.309145,,0.285618,,0.244743,,0.174302,,0.210589,,,
0.61,-0.001275,0.218556,0.147966,0.195539,0.213895,0.216019,0.218556,,0.218556,0.216019,,0.213895,,0.195539,,0.147966,,0.200124,,,
0.611,0.347517,0.217366,0.177899,0.225935,0.2473,0.255468,0.217366,,0.217366,0.255468,,0.2473,,0.225935,,0.177899,,0.172742,,,
0.612,-0.176553,0.20039,0.124731,0.145437,0.141337,0.125862,0.20039,,0.20039,0.125862,,0.141337,,0.145437,,0.124731,,0.172932,,,
0.613,0.369241,0.174908,0.161407,0.190198,0.198313,0.198876,0.174908,,0.174908,0.198876,,0.198313,,0.190198,,0.161407,,0.145824,,,
0.614,-0.006412,0.272641,0.136234,0.150876,0.147132,0.137289,0.272641,,0.272641,0.137289,,0.147132,,0.150876,,0.136234,,0.138853,,,
0.615,-0.1308,0.268403,0.096179,0.094541,0.077649,0.056863,0.268403,,0.268403,0.056863,,0.077649,,0.094541,,0.096179,,0.13845,,,
0.616,0.505688,0.330732,0.157606,0.17677,0.184659,0.19151,0.330732,,0.330732,0.19151,,0.184659,,0.17677,,0.157606,,0.106243,,,
0.617,0.419731,0.375109,0.196924,0.225362,0.243427,0.259976,0.375109,,0.375109,0.259976,,0.243427,,0.225362,,0.196924,,0.079945,,,
0.618,0.234077,0.449087,0.202497,0.227105,0.241089,0.252207,0.449087,,0.449087,0.252207,,0.241089,,0.227105,,0.202497,,0.064244,,,
0.619,0.935634,0.507893,0.312468,0.368811,0.414725,0.457235,0.507893,,0.507893,0.457235,,0.414725,,0.368811,,0.312468,,0.01425,,,
0.62,0.45559,0.576391,0.333936,0.386167,0.424942,0.456741,0.576391,,0.576391,0.456741,,0.424942,,0.386167,,0.333936,,0.009242,,,
0.621,0.684343,0.660617,0.386497,0.445802,0.489792,0.525022,0.660617,,0.660617,0.525022,,0.489792,,0.445802,,0.386497,,0.042997,,,
0.622,0.835655,0.73471,0.453871,0.523773,0.576258,0.618212,0.73471,,0.73471,0.618212,,0.576258,,0.523773,,0.453871,,0.08263,,,
0.623,0.637215,0.748907,0.481372,0.546461,0.591497,0.623913,0.748907,,0.748907,0.623913,,0.591497,,0.546461,,0.481372,,0.110359,,,
0.624,1.016099,0.739275,0.561581,0.640389,0.697648,0.741569,0.739275,,0.739275,0.741569,,0.697648,,0.640389,,0.561581,,0.155646,,,
0.625,0.747071,0.771699,0.589405,0.661725,0.710003,0.743219,0.771699,,0.771699,0.743219,,0.710003,,0.661725,,0.589405,,0.185218,,,
0.626,0.795688,0.869379,0.620347,0.688518,0.731425,0.75896,0.869379,,0.869379,0.75896,,0.731425,,0.688518,,0.620347,,0.215741,,,
0.627,1.320707,0.862183,0.725401,0.814956,0.878745,0.927484,0.862183,,0.862183,0.927484,,0.878745,,0.814956,,0.725401,,0.270989,,,
0.628,0.575894,0.796932,0.702975,0.767143,0.803032,0.822007,0.796932,,0.796932,0.822007,,0.803032,,0.767143,,0.702975,,0.286235,,,
0.629,0.128124,0.792908,0.616748,0.639339,0.634305,0.613842,0.792908,,0.792908,0.613842,,0.634305,,0.639339,,0.616748,,0.278329,,,
0.63,1.292298,0.755548,0.71808,0.769931,0.798803,0.817379,0.755548,,0.755548,0.817379,,0.798803,,0.769931,,0.71808,,0.329028,,,
0.631,1.530076,0.747418,0.839879,0.92196,0.981622,1.031188,0.747418,,0.747418,1.031188,,0.981622,,0.92196,,0.839879,,0.38908,,,
0.632,0.60519,0.71344,0.804676,0.858606,0.887514,0.903389,0.71344,,0.71344,0.903389,,0.887514,,0.858606,,0.804676,,0.399886,,,
0.633,0.117887,0.68302,0.701658,0.710462,0.695107,0.667738,0.68302,,0.68302,0.667738,,0.695107,,0.710462,,0.701658,,0.385786,,,
0.634,0.59295,0.724887,0.685352,0.68696,0.669568,0.645302,0.724887,,0.724887,0.645302,,0.669568,,0.68696,,0.685352,,0.396144,,,
0.635,0.60514,0.758943,0.67332,0.670596,0.653461,0.633253,0.758943,,0.758943,0.633253,,0.653461,,0.670596,,0.67332,,0.406594,,,
0.636,0.657639,0.753448,0.670968,0.668004,0.654505,0.640569,0.753448,,0.753448,0.640569,,0.654505,,0.668004,,0.670968,,0.419146,,,
0.637,0.421935,0.769072,0.633613,0.618791,0.596363,0.574979,0.769072,,0.769072,0.574979,,0.596363,,0.618791,,0.633613,,0.419285,,,
0.638,0.986088,0.822174,0.686484,0.69225,0.693794,0.698312,0.822174,,0.822174,0.698312,,0.693794,,0.69225,,0.686484,,0.447625,,,
0.639,1.03643,0.908848,0.738976,0.761086,0.779453,0.799747,0.908848,,0.908848,0.799747,,0.779453,,0.761086,,0.738976,,0.477066,,,
0.64,0.502735,0.959042,0.70354,0.709416,0.710274,0.710643,0.959042,,0.959042,0.710643,,0.710274,,0.709416,,0.70354,,0.478349,,,
0.641,1.231856,1.028293,0.782787,0.813904,0.840669,0.867007,1.028293,,1.028293,0.867007,,0.840669,,0.813904,,0.782787,,0.516025,,,
0.642,1.701946,1.026523,0.920661,0.991512,1.055988,1.117489,1.026523,,1.026523,1.117489,,1.055988,,0.991512,,0.920661,,0.575321,,,
0.643,1.189308,1.094065,0.960958,1.031071,1.089318,1.139035,1.094065,,1.094065,1.139035,,1.089318,,1.031071,,0.960958,,0.60602,,,
0.644,1.071301,1.090255,0.97751,1.039117,1.084814,1.118715,1.090255,,1.090255,1.118715,,1.084814,,1.039117,,0.97751,,0.629284,,,
0.645,1.145087,1.137338,1.002646,1.060311,1.099882,1.126626,1.137338,,1.137338,1.126626,,1.099882,,1.060311,,1.002646,,0.655074,,,
0.646,1.366903,1.172131,1.057285,1.12163,1.166637,1.198709,1.172131,,1.172131,1.198709,,1.166637,,1.12163,,1.057285,,0.690666,,,
0.647,0.638164,1.185674,0.994417,1.024937,1.034519,1.030546,1.185674,,1.185674,1.030546,,1.034519,,1.024937,,0.994417,,0.688041,,,
0.648,1.164901,1.076646,1.019989,1.052929,1.067115,1.070852,1.076646,,1.076646,1.070852,,1.067115,,1.052929,,1.019989,,0.711884,,,
0.649,0.944171,1.057444,1.008617,1.031178,1.036379,1.032848,1.057444,,1.057444,1.032848,,1.036379,,1.031178,,1.008617,,0.723498,,,
0.65,1.554348,1.040371,1.090476,1.135812,1.165871,1.189298,1.040371,,1.040371,1.189298,,1.165871,,1.135812,,1.090476,,0.76504,,,
0.651,0.885451,0.984578,1.059722,1.08574,1.095766,1.098144,0.984578,,0.984578,1.098144,,1.095766,,1.08574,,1.059722,,0.771061,,,
0.652,1.380836,0.939163,1.107889,1.144759,1.167033,1.182951,0.939163,,0.939163,1.182951,,1.167033,,1.144759,,1.107889,,0.80155,,,
0.653,0.502636,0.991583,1.017101,1.016334,1.000934,0.978857,0.991583,,0.991583,0.978857,,1.000934,,1.016334,,1.017101,,0.786604,,,
0.654,0.978081,0.958533,1.011248,1.008684,0.995221,0.978624,0.958533,,0.958533,0.978624,,0.995221,,1.008684,,1.011248,,0.796178,,,
0.655,0.883508,0.913014,0.992087,0.983649,0.967293,0.950089,0.913014,,0.913014,0.950089,,0.967293,,0.983649,,0.992087,,0.800544,,,
0.656,0.531362,0.862384,0.922979,0.893191,0.85831,0.824471,0.862384,,0.862384,0.824471,,0.85831,,0.893191,,0.922979,,0.787085,,,
0.657,0.867332,0.852489,0.914632,0.888019,0.860565,0.837329,0.852489,,0.852489,0.837329,,0.860565,,0.888019,,0.914632,,0.791098,,,
0.658,1.214782,0.815764,0.959654,0.953372,0.94912,0.950565,0.815764,,0.815764,0.950565,,0.94912,,0.953372,,0.959654,,0.812282,,,
0.659,0.801353,0.867393,0.935909,0.922968,0.912178,0.905802,0.867393,,0.867393,0.905802,,0.912178,,0.922968,,0.935909,,0.811735,,,
0.66,0.443468,0.831141,0.862043,0.827068,0.795,0.767101,0.831141,,0.831141,0.767101,,0.795,,0.827068,,0.862043,,0.793322,,,
0.661,0.997415,0.803715,0.882349,0.861137,0.845604,0.836196,0.803715,,0.803715,0.836196,,0.845604,,0.861137,,0.882349,,0.803527,,,
0.662,0.776607,0.861516,0.866487,0.844231,0.828355,0.818319,0.861516,,0.861516,0.818319,,0.828355,,0.844231,,0.866487,,0.802181,,,
0.663,0.976856,0.855855,0.883043,0.870756,0.86548,0.86588,0.855855,,0.855855,0.86588,,0.86548,,0.870756,,0.883043,,0.810914,,,
0.664,1.070562,0.756281,0.911171,0.910717,0.916751,0.927285,0.756281,,0.756281,0.927285,,0.916751,,0.910717,,0.911171,,0.823897,,,
0.665,0.579311,0.778382,0.861392,0.844436,0.832391,0.822893,0.778382,,0.778382,0.822893,,0.832391,,0.844436,,0.861392,,0.811668,,,
0.666,0.58182,0.811709,0.819456,0.791913,0.769748,0.750571,0.811709,,0.811709,0.750571,,0.769748,,0.791913,,0.819456,,0.800175,,,
0.667,1.167165,0.760925,0.871612,0.866963,0.869102,0.875549,0.760925,,0.760925,0.875549,,0.869102,,0.866963,,0.871612,,0.818525,,,
0.668,0.805069,0.707894,0.861631,0.854584,0.853094,0.854405,0.707894,,0.707894,0.854405,,0.853094,,0.854584,,0.861631,,0.817852,,,
0.669,0.119461,0.690861,0.750305,0.70756,0.669686,0.633922,0.690861,,0.690861,0.633922,,0.669686,,0.70756,,0.750305,,0.782932,,,
0.67,1.04447,0.649166,0.79443,0.774942,0.763382,0.757086,0.649166,,0.649166,0.757086,,0.763382,,0.774942,,0.79443,,0.796009,,,
0.671,0.810063,0.706421,0.796775,0.781966,0.775052,0.772979,0.706421,,0.706421,0.772979,,0.775052,,0.781966,,0.796775,,0.796712,,,
0.672,0.438794,0.710398,0.743078,0.713332,0.690988,0.672724,0.710398,,0.710398,0.672724,,0.690988,,0.713332,,0.743078,,0.778816,,,
0.673,0.193259,0.662126,0.660605,0.609317,0.566555,0.528884,0.662126,,0.662126,0.528884,,0.566555,,0.609317,,0.660605,,0.749538,,,
0.674,0.7895,0.634486,0.679939,0.645354,0.622292,0.607069,0.634486,,0.634486,0.607069,,0.622292,,0.645354,,0.679939,,0.751536,,,
0.675,0.611912,0.699336,0.669735,0.638665,0.619697,0.608522,0.699336,,0.699336,0.608522,,0.619697,,0.638665,,0.669735,,0.744555,,,
0.676,1.209116,0.678149,0.750642,0.752755,0.767052,0.7887,0.678149,,0.678149,0.7887,,0.767052,,0.752755,,0.750642,,0.767783,,,
0.677,0.625565,0.698044,0.731881,0.727317,0.73168,0.73976,0.698044,,0.698044,0.73976,,0.73168,,0.727317,,0.731881,,0.760672,,,
0.678,0.636178,0.704921,0.717525,0.70909,0.707804,0.708685,0.704921,,0.704921,0.708685,,0.707804,,0.70909,,0.717525,,0.754447,,,
0.679,0.501025,0.736565,0.68505,0.667477,0.65611,0.646387,0.736565,,0.736565,0.646387,,0.65611,,0.667477,,0.68505,,0.741776,,,
0.68,0.832818,0.71118,0.707215,0.700545,0.700287,0.702316,0.71118,,0.71118,0.702316,,0.700287,,0.700545,,0.707215,,0.746328,,,
0.681,0.811412,0.733118,0.722845,0.722718,0.728068,0.735045,0.733118,,0.733118,0.735045,,0.728068,,0.722718,,0.722845,,0.749583,,,
0.682,1.028901,0.714877,0.768753,0.783955,0.803276,0.823202,0.714877,,0.714877,0.823202,,0.803276,,0.783955,,0.768753,,0.763549,,,
0.683,0.514448,0.689646,0.730608,0.730053,0.731069,0.730576,0.689646,,0.689646,0.730576,,0.731069,,0.730053,,0.730608,,0.751093,,,
0.684,0.541343,0.65664,0.702218,0.692311,0.683638,0.673806,0.65664,,0.65664,0.673806,,0.683638,,0.692311,,0.702218,,0.740606,,,
0.685,0.51026,0.64775,0.673424,0.655901,0.640293,0.624742,0.64775,,0.64775,0.624742,,0.640293,,0.655901,,0.673424,,0.729089,,,
0.686,0.853231,0.585081,0.700395,0.695367,0.693528,0.693289,0.585081,,0.585081,0.693289,,0.693528,,0.695367,,0.700395,,0.735296,,,
0.687,1.008464,0.549203,0.746606,0.757986,0.772262,0.787841,0.549203,,0.549203,0.787841,,0.772262,,0.757986,,0.746606,,0.748954,,,
0.688,0.348029,0.399376,0.686819,0.675995,0.666204,0.655898,0.399376,,0.399376,0.655898,,0.666204,,0.675995,,0.686819,,0.728908,,,
0.689,0.273109,0.329804,0.624763,0.595418,0.56793,0.541061,0.329804,,0.329804,0.541061,,0.56793,,0.595418,,0.624763,,0.706118,,,
0.69,0.40324,0.255292,0.591534,0.556982,0.526757,0.499715,0.255292,,0.255292,0.499715,,0.526757,,0.556982,,0.591534,,0.690974,,,
0.691,0.143459,0.139725,0.524323,0.474278,0.430933,0.392838,0.139725,,0.139725,0.392838,,0.430933,,0.474278,,0.524323,,0.663598,,,
0.692,0.416749,0.029723,0.508187,0.462772,0.427387,0.400011,0.029723,,0.029723,0.400011,,0.427387,,0.462772,,0.508187,,0.651256,,,
0.693,-0.619193,-0.091893,0.33908,0.246379,0.165742,0.09425,-0.091893,,0.091893,0.09425,,0.165742,,0.246379,,0.33908,,0.587733,,,
0.694,-0.250842,-0.13178,0.250592,0.146935,0.061596,-0.009278,-0.13178,,0.13178,0.009278,,0.061596,,0.146935,,0.250592,,0.545805,,,
0.695,-0.27829,-0.126254,0.171259,0.06189,-0.023376,-0.089981,-0.126254,,0.126254,0.089981,,0.023376,,0.06189,,0.171259,,0.5046,,,
0.696,-0.760985,-0.166833,0.031423,-0.102685,-0.207778,-0.291282,-0.166833,,0.166833,0.291282,,0.207778,,0.102685,,0.031423,,0.441321,,,
0.697,-0.356787,-0.203009,-0.026809,-0.153506,-0.24503,-0.310934,-0.203009,,0.203009,0.310934,,0.24503,,0.153506,,0.026809,,0.401415,,,
0.698,-0.329313,-0.236294,-0.072184,-0.188667,-0.266101,-0.316448,-0.236294,,0.236294,0.316448,,0.266101,,0.188667,,0.072184,,0.364879,,,
0.699,-0.090724,-0.145492,-0.074965,-0.169078,-0.222257,-0.24873,-0.145492,,0.145492,0.24873,,0.222257,,0.169078,,0.074965,,0.342099,,,
0.7,0.33389,-0.145345,-0.013637,-0.068485,-0.08322,-0.073944,-0.145345,,0.145345,0.073944,,0.08322,,0.068485,,0.013637,,0.341688,,,
0.701,-0.043126,-0.144623,-0.01806,-0.063413,-0.073197,-0.064699,-0.144623,,0.144623,0.064699,,0.073197,,0.063413,,0.01806,,0.322448,,,
0.702,-0.254478,-0.065331,-0.053523,-0.101626,-0.118517,-0.121633,-0.065331,,0.065331,0.121633,,0.118517,,0.101626,,0.053523,,0.293601,,,
0.703,0.050609,-0.050859,-0.037903,-0.071179,-0.076235,-0.06996,-0.050859,,0.050859,0.06996,,0.076235,,0.071179,,0.037903,,0.281452,,,
0.704,0.37963,-0.023007,0.024727,0.018983,0.037731,0.064917,-0.023007,,0.023007,0.064917,,0.037731,,0.018983,,0.024727,,0.286361,,,
0.705,-0.249222,-0.043224,-0.016366,-0.034658,-0.034007,-0.029325,-0.043224,,0.043224,0.029325,,0.034007,,0.034658,,0.016366,,0.259581,,,
0.706,-0.270342,-0.090854,-0.054462,-0.081795,-0.093091,-0.10163,-0.090854,,0.090854,0.10163,,0.093091,,0.081795,,0.054462,,0.233085,,,
0.707,0.111225,-0.159316,-0.029609,-0.043191,-0.042012,-0.037773,-0.159316,,0.159316,0.037773,,0.042012,,0.043191,,0.029609,,0.226992,,,
0.708,-0.197594,-0.187325,-0.054807,-0.074072,-0.080907,-0.08572,-0.187325,,0.187325,0.08572,,0.080907,,0.074072,,0.054807,,0.205763,,,
0.709,-0.022942,-0.253671,-0.050027,-0.063846,-0.066416,-0.066886,-0.253671,,0.253671,0.066886,,0.066416,,0.063846,,0.050027,,0.194328,,,
0.71,-0.313111,-0.380797,-0.08949,-0.113699,-0.12809,-0.140754,-0.380797,,0.380797,0.140754,,0.12809,,0.113699,,0.08949,,0.168956,,,
0.711,-0.190042,-0.461868,-0.104572,-0.128967,-0.143578,-0.15554,-0.461868,,0.461868,0.15554,,0.143578,,0.128967,,0.104572,,0.151006,,,
0.712,-0.796205,-0.479575,-0.208317,-0.262415,-0.306735,-0.34774,-0.479575,,0.479575,0.34774,,0.306735,,0.262415,,0.208317,,0.103645,,,
0.713,-0.562577,-0.558657,-0.261456,-0.322447,-0.370695,-0.412191,-0.558657,,0.558657,0.412191,,0.370695,,0.322447,,0.261456,,0.070334,,,
0.714,-0.679198,-0.625291,-0.324118,-0.393797,-0.447821,-0.492293,-0.625291,,0.625291,0.492293,,0.447821,,0.393797,,0.324118,,0.032858,,,
0.715,-1.018758,-0.679264,-0.428314,-0.51879,-0.590555,-0.650232,-0.679264,,0.679264,0.650232,,0.590555,,0.51879,,0.428314,,0.019723,,,
0.716,-1.141008,-0.670135,-0.535218,-0.643233,-0.728168,-0.797465,-0.670135,,0.670135,0.797465,,0.728168,,0.643233,,0.535218,,0.075787,,,
0.717,-0.46512,-0.762321,-0.524703,-0.607611,-0.662406,-0.697762,-0.762321,,0.762321,0.697762,,0.662406,,0.607611,,0.524703,,0.095254,,,
0.718,-0.75867,-0.776166,-0.559798,-0.637822,-0.686472,-0.716034,-0.776166,,0.776166,0.716034,,0.686472,,0.637822,,0.559798,,0.128425,,,
0.719,-0.930571,-0.795132,-0.615414,-0.696372,-0.747497,-0.780395,-0.795132,,0.795132,0.780395,,0.747497,,0.696372,,0.615414,,0.168532,,,
0.72,-0.616639,-0.739637,-0.615598,-0.680426,-0.714782,-0.731268,-0.739637,,0.739637,0.731268,,0.714782,,0.680426,,0.615598,,0.190937,,,
0.721,-0.212698,-0.688294,-0.555163,-0.58688,-0.589261,-0.575697,-0.688294,,0.688294,0.575697,,0.589261,,0.58688,,0.555163,,0.192026,,,
0.722,-1.204088,-0.617121,-0.652502,-0.710322,-0.742968,-0.764214,-0.617121,,0.617121,0.764214,,0.742968,,0.710322,,0.652502,,0.242629,,,
0.723,-0.9485,-0.665293,-0.696901,-0.757957,-0.794351,-0.8195,-0.665293,,0.665293,0.8195,,0.794351,,0.757957,,0.696901,,0.277922,,,
0.724,-0.771202,-0.693069,-0.708046,-0.760606,-0.788564,-0.805011,-0.693069,,0.693069,0.805011,,0.788564,,0.760606,,0.708046,,0.302586,,,
0.725,-0.068753,-0.669806,-0.612152,-0.622236,-0.608611,-0.584133,-0.669806,,0.669806,0.584133,,0.608611,,0.622236,,0.612152,,0.290895,,,
0.726,-0.453981,-0.692966,-0.588427,-0.588585,-0.569954,-0.545088,-0.692966,,0.692966,0.545088,,0.569954,,0.588585,,0.588427,,0.299049,,,
0.727,-0.358112,-0.746108,-0.55388,-0.54249,-0.516993,-0.488995,-0.746108,,0.746108,0.488995,,0.516993,,0.54249,,0.55388,,0.302002,,,
0.728,-0.995004,-0.734723,-0.620048,-0.632993,-0.636496,-0.640798,-0.734723,,0.734723,0.640798,,0.636496,,0.632993,,0.620048,,0.336652,,,
0.729,-1.064212,-0.737866,-0.686673,-0.719237,-0.743425,-0.767822,-0.737866,,0.737866,0.767822,,0.743425,,0.719237,,0.686673,,0.37303,,,
0.73,-0.674673,-0.762627,-0.684873,-0.710324,-0.726237,-0.739877,-0.762627,,0.762627,0.739877,,0.726237,,0.710324,,0.684873,,0.388112,,,
0.731,-0.871402,-0.834713,-0.712852,-0.74254,-0.762528,-0.779335,-0.834713,,0.834713,0.779335,,0.762528,,0.74254,,0.712852,,0.412277,,,
0.732,-0.797263,-0.869575,-0.725514,-0.753484,-0.771212,-0.784713,-0.869575,,0.869575,0.784713,,0.771212,,0.753484,,0.725514,,0.431526,,,
0.733,-1.078847,-0.97641,-0.778514,-0.818557,-0.848121,-0.872953,-0.97641,,0.97641,0.872953,,0.848121,,0.818557,,0.778514,,0.463892,,,
0.734,-0.983075,-1.038397,-0.809198,-0.85146,-0.881859,-0.90599,-1.038397,,1.038397,0.90599,,0.881859,,0.85146,,0.809198,,0.489851,,,
0.735,-1.043571,-1.00079,-0.844354,-0.889883,-0.922287,-0.947264,-1.00079,,1.00079,0.947264,,0.922287,,0.889883,,0.844354,,0.517537,,,
0.736,-0.861708,-0.988744,-0.846957,-0.884248,-0.907142,-0.921597,-0.988744,,0.988744,0.921597,,0.907142,,0.884248,,0.846957,,0.534746,,,
0.737,-0.837456,-1.014727,-0.845532,-0.874889,-0.889721,-0.896355,-1.014727,,1.014727,0.896355,,0.889721,,0.874889,,0.845532,,0.549881,,,
0.738,-1.533295,-1.066982,-0.948696,-1.00657,-1.050614,-1.087437,-1.066982,,1.066982,1.087437,,1.050614,,1.00657,,0.948696,,0.599052,,,
0.739,-1.676865,-1.038211,-1.057922,-1.140629,-1.207177,-1.264265,-1.038211,,1.038211,1.264265,,1.207177,,1.140629,,1.057922,,0.652943,,,
0.74,-0.650533,-0.995062,-0.996813,-1.04261,-1.068016,-1.080146,-0.995062,,0.995062,1.080146,,1.068016,,1.04261,,0.996813,,0.652822,,,
0.741,-0.542173,-0.924067,-0.928617,-0.942523,-0.936555,-0.918754,-0.924067,,0.924067,0.918754,,0.936555,,0.942523,,0.928617,,0.64729,,,
0.742,-1.157213,-0.907445,-0.962907,-0.985461,-0.99172,-0.990292,-0.907445,,0.907445,0.990292,,0.99172,,0.985461,,0.962907,,0.672786,,,
0.743,-1.372064,-0.921493,-1.02428,-1.062781,-1.086806,-1.104823,-0.921493,,0.921493,1.104823,,1.086806,,1.062781,,1.02428,,0.70775,,,
0.744,-0.762366,-0.891707,-0.984993,-1.002698,-1.005696,-1.002086,-0.891707,,0.891707,1.002086,,1.005696,,1.002698,,0.984993,,0.710481,,,
0.745,-0.508437,-0.829861,-0.91351,-0.903846,-0.881381,-0.853991,-0.829861,,0.829861,0.853991,,0.881381,,0.903846,,0.91351,,0.700378,,,
0.746,-0.262625,-0.875366,-0.815877,-0.775602,-0.726692,-0.676581,-0.875366,,0.875366,0.676581,,0.726692,,0.775602,,0.815877,,0.678491,,,
0.747,-0.678869,-0.955178,-0.795326,-0.756255,-0.714736,-0.677268,-0.955178,,0.955178,0.677268,,0.714736,,0.756255,,0.795326,,0.67851,,,
0.748,-0.991985,-0.899317,-0.824825,-0.803401,-0.784048,-0.771683,-0.899317,,0.899317,0.771683,,0.784048,,0.803401,,0.824825,,0.694183,,,
0.749,-1.205642,-0.833381,-0.881947,-0.883849,-0.889447,-0.901871,-0.833381,,0.833381,0.901871,,0.889447,,0.883849,,0.881947,,0.719756,,,
0.75,-0.996565,-0.841064,-0.89914,-0.906392,-0.916226,-0.930279,-0.841064,,0.841064,0.930279,,0.916226,,0.906392,,0.89914,,0.733597,,,
0.751,-1.151089,-0.926547,-0.936932,-0.955332,-0.974942,-0.996522,-0.926547,,0.926547,0.996522,,0.974942,,0.955332,,0.936932,,0.754471,,,
0.752,-1.420104,-0.982783,-1.009408,-1.048286,-1.086233,-1.123597,-0.982783,,0.982783,1.123597,,1.086233,,1.048286,,1.009408,,0.787753,,,
0.753,-0.542739,-1.002363,-0.939408,-0.947177,-0.950359,-0.949339,-1.002363,,1.002363,0.949339,,0.950359,,0.947177,,0.939408,,0.775502,,,
0.754,-0.646775,-0.993031,-0.895513,-0.887096,-0.874463,-0.85857,-0.993031,,0.993031,0.85857,,0.874463,,0.887096,,0.895513,,0.769066,,,
0.755,-0.846874,-0.935805,-0.888217,-0.879052,-0.867566,-0.855061,-0.935805,,0.935805,0.855061,,0.867566,,0.879052,,0.888217,,0.772956,,,
0.756,-1.448754,-0.907796,-0.972298,-0.992992,-1.012863,-1.033169,-0.907796,,0.907796,1.033169,,1.012863,,0.992992,,0.972298,,0.806746,,,
0.757,-0.881214,-0.856808,-0.958635,-0.970637,-0.979951,-0.987583,-0.856808,,0.856808,0.987583,,0.979951,,0.970637,,0.958635,,0.81047,,,
0.758,-0.894252,-0.77906,-0.948978,-0.95536,-0.958526,-0.959583,-0.77906,,0.77906,0.959583,,0.958526,,0.95536,,0.948978,,0.814659,,,
0.759,-0.889333,-0.785391,-0.940031,-0.942154,-0.941228,-0.938508,-0.785391,,0.785391,0.938508,,0.941228,,0.942154,,0.940031,,0.818392,,,
0.76,-0.576157,-0.838056,-0.88545,-0.868955,-0.84996,-0.829803,-0.838056,,0.838056,0.829803,,0.84996,,0.868955,,0.88545,,0.806281,,,
0.761,-0.688466,-0.821159,-0.855902,-0.832857,-0.809587,-0.787402,-0.821159,,0.821159,0.787402,,0.809587,,0.832857,,0.855902,,0.80039,,,
0.762,-0.590215,-0.768163,-0.816049,-0.784329,-0.754744,-0.728246,-0.768163,,0.768163,0.728246,,0.754744,,0.784329,,0.816049,,0.789881,,,
0.763,-0.564879,-0.789027,-0.778374,-0.740439,-0.707277,-0.679236,-0.789027,,0.789027,0.679236,,0.707277,,0.740439,,0.778374,,0.778631,,,
0.764,-0.612378,-0.731434,-0.753474,-0.714827,-0.683553,-0.659178,-0.731434,,0.731434,0.659178,,0.683553,,0.714827,,0.753474,,0.770318,,,
0.765,-1.22609,-0.676978,-0.824367,-0.817079,-0.819187,-0.829252,-0.676978,,0.676978,0.829252,,0.819187,,0.817079,,0.824367,,0.793107,,,
0.766,-0.661009,-0.664982,-0.799863,-0.785865,-0.779642,-0.778779,-0.664982,,0.664982,0.778779,,0.779642,,0.785865,,0.799863,,0.786502,,,
0.767,-0.865796,-0.676167,-0.809753,-0.801851,-0.801181,-0.804884,-0.676167,,0.676167,0.804884,,0.801181,,0.801851,,0.809753,,0.790467,,,
0.768,-1.110723,-0.668577,-0.854898,-0.863626,-0.878566,-0.896636,-0.668577,,0.668577,0.896636,,0.878566,,0.863626,,0.854898,,0.80648,,,
0.769,-0.260732,-0.700458,-0.765773,-0.743047,-0.724108,-0.705865,-0.700458,,0.700458,0.705865,,0.724108,,0.743047,,0.765773,,0.779192,,,
0.77,-0.290318,-0.72172,-0.694455,-0.652501,-0.61566,-0.581201,-0.72172,,0.72172,0.581201,,0.61566,,0.652501,,0.694455,,0.754749,,,
0.771,-0.444192,-0.719603,-0.656916,-0.610839,-0.572793,-0.540098,-0.719603,,0.719603,0.540098,,0.572793,,0.610839,,0.656916,,0.739221,,,
0.772,-0.811506,-0.723513,-0.680104,-0.650973,-0.632471,-0.62152,-0.723513,,0.723513,0.62152,,0.632471,,0.650973,,0.680104,,0.742835,,,
0.773,-0.506727,-0.711792,-0.654098,-0.622124,-0.601035,-0.587082,-0.711792,,0.711792,0.587082,,0.601035,,0.622124,,0.654098,,0.73103,,,
0.774,-0.915564,-0.707681,-0.693318,-0.680812,-0.679667,-0.685627,-0.707681,,0.707681,0.685627,,0.679667,,0.680812,,0.693318,,0.740256,,,
0.775,-0.846268,-0.73881,-0.71626,-0.713903,-0.721318,-0.733819,-0.73881,,0.73881,0.733819,,0.721318,,0.713903,,0.71626,,0.745557,,,
0.776,-1.2028,-0.760072,-0.789241,-0.811682,-0.841688,-0.874513,-0.760072,,0.760072,0.874513,,0.841688,,0.811682,,0.789241,,0.768419,,,
0.777,-0.704018,-0.708691,-0.776458,-0.790149,-0.807271,-0.823365,-0.708691,,0.708691,0.823365,,0.807271,,0.790149,,0.776458,,0.765199,,,
0.778,-0.736865,-0.642097,-0.770519,-0.779493,-0.789669,-0.797415,-0.642097,,0.642097,0.797415,,0.789669,,0.779493,,0.770519,,0.763782,,,
0.779,-1.065506,-0.622223,-0.814767,-0.836695,-0.858628,-0.877842,-0.622223,,0.622223,0.877842,,0.858628,,0.836695,,0.814767,,0.778868,,,
0.78,-0.603144,-0.555294,-0.783023,-0.789985,-0.794757,-0.795433,-0.555294,,0.555294,0.795433,,0.794757,,0.789985,,0.783023,,0.770082,,,
0.781,-0.524199,-0.49857,-0.7442,-0.736828,-0.727118,-0.714063,-0.49857,,0.49857,0.714063,,0.727118,,0.736828,,0.7442,,0.757788,,,
0.782,0.120999,-0.416154,-0.61442,-0.565262,-0.515089,-0.463544,-0.416154,,0.416154,0.463544,,0.515089,,0.565262,,0.61442,,0.713849,,,
0.783,-0.078974,-0.404452,-0.534103,-0.468005,-0.40606,-0.348173,-0.404452,,0.404452,0.348173,,0.40606,,0.468005,,0.534103,,0.682105,,,
0.784,-0.288109,-0.36676,-0.497204,-0.432026,-0.376572,-0.330154,-0.36676,,0.36676,0.330154,,0.376572,,0.432026,,0.497204,,0.662405,,,
0.785,-0.179354,-0.318336,-0.449526,-0.381491,-0.327268,-0.284914,-0.318336,,0.318336,0.284914,,0.327268,,0.381491,,0.449526,,0.638253,,,
0.786,-0.222304,-0.328586,-0.415443,-0.349654,-0.301027,-0.266131,-0.328586,,0.328586,0.266131,,0.301027,,0.349654,,0.415443,,0.617455,,,
0.787,-0.296219,-0.300284,-0.397559,-0.338967,-0.299825,-0.275157,-0.300284,,0.300284,0.275157,,0.299825,,0.338967,,0.397559,,0.601393,,,
0.788,-0.575296,-0.335153,-0.42422,-0.386233,-0.368693,-0.365199,-0.335153,,0.335153,0.365199,,0.368693,,0.386233,,0.42422,,0.600089,,,
0.789,-0.32225,-0.411029,-0.408924,-0.373436,-0.357082,-0.352314,-0.411029,,0.411029,0.352314,,0.357082,,0.373436,,0.408924,,0.586197,,,
0.79,-0.532846,-0.420586,-0.427513,-0.405318,-0.401023,-0.406474,-0.420586,,0.420586,0.406474,,0.401023,,0.405318,,0.427513,,0.583529,,,
0.791,-0.715889,-0.405812,-0.470769,-0.467432,-0.479739,-0.499298,-0.405812,,0.405812,0.499298,,0.479739,,0.467432,,0.470769,,0.590147,,,
0.792,-0.21288,-0.379979,-0.432086,-0.416522,-0.413025,-0.413373,-0.379979,,0.379979,0.413373,,0.413025,,0.416522,,0.432086,,0.571284,,,
0.793,-0.262567,-0.341468,-0.406658,-0.385731,-0.37541,-0.368131,-0.341468,,0.341468,0.368131,,0.37541,,0.385731,,0.406658,,0.555848,,,
0.794,-0.913605,-0.296581,-0.4827,-0.491306,-0.509959,-0.531773,-0.296581,,0.296581,0.531773,,0.509959,,0.491306,,0.4827,,0.573736,,,
0.795,-0.39324,-0.290332,-0.469281,-0.471693,-0.480779,-0.490213,-0.290332,,0.290332,0.490213,,0.480779,,0.471693,,0.469281,,0.564711,,,
0.796,-0.016834,-0.262973,-0.401414,-0.380721,-0.364793,-0.348199,-0.262973,,0.262973,0.348199,,0.364793,,0.380721,,0.401414,,0.537317,,,
0.797,0.061855,-0.172099,-0.331924,-0.292206,-0.258131,-0.225183,-0.172099,,0.172099,0.225183,,0.258131,,0.292206,,0.331924,,0.507358,,,
0.798,0.127403,-0.119137,-0.263025,-0.208284,-0.161747,-0.119407,-0.119137,,0.119137,0.119407,,0.161747,,0.208284,,0.263025,,0.47562,,,
0.799,-0.08154,-0.031473,-0.235802,-0.182935,-0.141696,-0.108047,-0.031473,,0.031473,0.108047,,0.141696,,0.182935,,0.235802,,0.455916,,,
0.8,-0.253514,0.113985,-0.238459,-0.197051,-0.16965,-0.151687,0.113985,,0.113985,0.151687,,0.16965,,0.197051,,0.238459,,0.445796,,,
0.801,-0.231895,0.180454,-0.237474,-0.20402,-0.185211,-0.17575,0.180454,,0.180454,0.17575,,0.185211,,0.20402,,0.237474,,0.435101,,,
0.802,0.283729,0.182592,-0.159294,-0.10647,-0.067976,-0.037906,0.182592,,0.182592,0.037906,,0.067976,,0.10647,,0.159294,,0.39916,,,
0.803,0.369696,0.201561,-0.079945,-0.011237,0.041442,0.084375,0.201561,,0.201561,0.084375,,0.041442,,0.011237,,0.079945,,0.360717,,,
0.804,0.701744,0.226885,0.037308,0.131359,0.206517,0.269585,0.226885,,0.226885,0.269585,,0.206517,,0.131359,,0.037308,,0.307594,,,
0.805,0.686428,0.256879,0.134676,0.242373,0.326495,0.394638,0.256879,,0.256879,0.394638,,0.326495,,0.242373,,0.134676,,0.257893,,,
0.806,0.337924,0.289341,0.165163,0.261483,0.329352,0.377624,0.289341,,0.289341,0.377624,,0.329352,,0.261483,,0.165163,,0.228102,,,
0.807,0.006685,0.340098,0.141392,0.210524,0.248685,0.266342,0.340098,,0.340098,0.266342,,0.248685,,0.210524,,0.141392,,0.216363,,,
0.808,0.270515,0.321955,0.16076,0.222522,0.254143,0.267594,0.321955,,0.321955,0.267594,,0.254143,,0.222522,,0.16076,,0.192019,,,
0.809,0.405964,0.292632,0.197541,0.25921,0.292098,0.309105,0.292632,,0.292632,0.309105,,0.292098,,0.25921,,0.197541,,0.16212,,,
0.81,0.248392,0.260422,0.205168,0.257047,0.281172,0.290891,0.260422,,0.260422,0.290891,,0.281172,,0.257047,,0.205168,,0.141594,,,
0.811,0.103566,0.21356,0.189928,0.226351,0.23677,0.234694,0.21356,,0.21356,0.234694,,0.23677,,0.226351,,0.189928,,0.129336,,,
0.812,0.326433,0.221064,0.210404,0.246367,0.259186,0.262215,0.221064,,0.221064,0.262215,,0.259186,,0.246367,,0.210404,,0.106548,,,
0.813,0.084157,0.265931,0.191467,0.213925,0.215429,0.208798,0.265931,,0.265931,0.208798,,0.215429,,0.213925,,0.191467,,0.097012,,,
0.814,0.047148,0.255744,0.169819,0.18057,0.173359,0.160303,0.255744,,0.255744,0.160303,,0.173359,,0.18057,,0.169819,,0.089804,,,
0.815,0.347426,0.259148,0.19646,0.213941,0.216875,0.21644,0.259148,,0.259148,0.21644,,0.216875,,0.213941,,0.19646,,0.067943,,,
0.816,0.170945,0.337117,0.192633,0.205342,0.205393,0.202791,0.337117,,0.337117,0.202791,,0.205393,,0.205342,,0.192633,,0.055998,,,
0.817,0.420469,0.364643,0.226808,0.248367,0.259162,0.268095,0.364643,,0.364643,0.268095,,0.259162,,0.248367,,0.226808,,0.032175,,,
0.818,0.500231,0.352069,0.267822,0.29874,0.319429,0.337736,0.352069,,0.352069,0.337736,,0.319429,,0.29874,,0.267822,,0.005555,,,
0.819,0.158451,0.373164,0.251416,0.270682,0.279185,0.28395,0.373164,,0.373164,0.28395,,0.279185,,0.270682,,0.251416,,0.002646,,,
0.82,0.443413,0.452136,0.280216,0.305228,0.320242,0.331789,0.452136,,0.452136,0.331789,,0.320242,,0.305228,,0.280216,,0.024684,,,
0.821,1.106044,0.504957,0.40409,0.465391,0.516692,0.564066,0.504957,,0.504957,0.564066,,0.516692,,0.465391,,0.40409,,0.078752,,,
0.822,0.406357,0.56911,0.40443,0.453585,0.489108,0.516753,0.56911,,0.56911,0.516753,,0.489108,,0.453585,,0.40443,,0.095132,,,
0.823,0.188119,0.644734,0.371983,0.400491,0.413861,0.418163,0.644734,,0.644734,0.418163,,0.413861,,0.400491,,0.371983,,0.099782,,,
0.824,0.316205,0.603814,0.363617,0.383634,0.389447,0.387575,0.603814,,0.603814,0.387575,,0.389447,,0.383634,,0.363617,,0.110603,,,
0.825,0.91584,0.673754,0.44645,0.490075,0.521045,0.546055,0.673754,,0.673754,0.546055,,0.521045,,0.490075,,0.44645,,0.150865,,,
0.826,0.928455,0.745599,0.518751,0.577751,0.622898,0.660775,0.745599,,0.745599,0.660775,,0.622898,,0.577751,,0.518751,,0.189744,,,
0.827,0.876631,0.680362,0.572433,0.637527,0.686331,0.725532,0.680362,,0.680362,0.725532,,0.686331,,0.637527,,0.572433,,0.224088,,,
0.828,1.252327,0.696602,0.674417,0.760487,0.82783,0.88357,0.696602,,0.696602,0.88357,,0.82783,,0.760487,,0.674417,,0.2755,,,
0.829,0.050108,0.721339,0.580771,0.618411,0.6334,0.633532,0.721339,,0.721339,0.633532,,0.6334,,0.618411,,0.580771,,0.264231,,,
0.83,0.927797,0.731021,0.632825,0.680288,0.706999,0.721811,0.731021,,0.731021,0.721811,,0.706999,,0.680288,,0.632825,,0.297409,,,
0.831,1.233709,0.70383,0.722957,0.790973,0.838676,0.875381,0.70383,,0.70383,0.875381,,0.838676,,0.790973,,0.722957,,0.344224,,,
0.832,0.388437,0.727079,0.672779,0.710465,0.726117,0.729297,0.727079,,0.727079,0.729297,,0.726117,,0.710465,,0.672779,,0.346435,,,
0.833,0.584997,0.771334,0.659612,0.685372,0.690837,0.686007,0.771334,,0.771334,0.686007,,0.690837,,0.685372,,0.659612,,0.358363,,,
0.834,0.460228,0.72824,0.629704,0.640343,0.633185,0.618274,0.72824,,0.72824,0.618274,,0.633185,,0.640343,,0.629704,,0.363456,,,
0.835,0.422703,0.862101,0.598654,0.596815,0.580564,0.559602,0.862101,,0.862101,0.559602,,0.580564,,0.596815,,0.598654,,0.366418,,,
0.836,0.616737,0.871644,0.601367,0.600799,0.589607,0.576743,0.871644,,0.871644,0.576743,,0.589607,,0.600799,,0.601367,,0.378934,,,
0.837,1.184197,0.906057,0.688791,0.717479,0.738255,0.758979,0.906057,,0.906057,0.758979,,0.738255,,0.717479,,0.688791,,0.419197,,,
0.838,1.363435,0.971629,0.789988,0.84667,0.89455,0.940316,0.971629,,0.971629,0.940316,,0.89455,,0.84667,,0.789988,,0.466409,,,
0.839,0.778296,1.028612,0.788234,0.832995,0.865486,0.89171,1.028612,,1.028612,0.89171,,0.865486,,0.832995,,0.788234,,0.482004,,,
0.84,1.522575,1.104713,0.898385,0.970911,1.029759,1.080969,1.104713,,1.104713,1.080969,,1.029759,,0.970911,,0.898385,,0.534032,,,
0.841,1.03277,1.260465,0.918543,0.983283,1.030511,1.06651,1.260465,,1.260465,1.06651,,1.030511,,0.983283,,0.918543,,0.558969,,,
0.842,1.612248,1.33283,1.022599,1.109076,1.175946,1.230231,1.33283,,1.33283,1.230231,,1.175946,,1.109076,,1.022599,,0.611633,,,
0.843,1.109731,1.307304,1.035668,1.109207,1.159392,1.194081,1.307304,,1.307304,1.194081,,1.159392,,1.109207,,1.035668,,0.636538,,,
0.844,1.211816,1.306265,1.062091,1.129729,1.172498,1.199402,1.306265,,1.306265,1.199402,,1.172498,,1.129729,,1.062091,,0.665302,,,
0.845,1.297331,1.316552,1.097377,1.163249,1.203706,1.22878,1.316552,,1.316552,1.22878,,1.203706,,1.163249,,1.097377,,0.696903,,,
0.846,2.135982,1.250025,1.253167,1.357796,1.436775,1.500941,1.250025,,1.250025,1.500941,,1.436775,,1.357796,,1.253167,,0.768857,,,
0.847,1.412751,1.260959,1.277105,1.368787,1.430769,1.474484,1.260959,,1.260959,1.474484,,1.430769,,1.368787,,1.277105,,0.801052,,,
0.848,0.903404,1.191035,1.22105,1.27571,1.298928,1.30316,1.191035,,1.191035,1.30316,,1.298928,,1.27571,,1.22105,,0.80617,,,
0.849,1.352009,1.170648,1.240694,1.29097,1.312198,1.317815,1.170648,,1.170648,1.317815,,1.312198,,1.29097,,1.240694,,0.833462,,,
0.85,0.89145,1.132473,1.188307,1.211066,1.207011,1.189905,1.132473,,1.132473,1.189905,,1.207011,,1.211066,,1.188307,,0.836361,,,
0.851,0.790778,1.09572,1.128678,1.127008,1.102953,1.070167,1.09572,,1.09572,1.070167,,1.102953,,1.127008,,1.128678,,0.834082,,,
0.852,1.15305,0.98714,1.132334,1.132217,1.115477,1.095032,0.98714,,0.98714,1.095032,,1.115477,,1.132217,,1.132334,,0.85003,,,
0.853,0.843084,0.883248,1.088946,1.07439,1.047379,1.019448,0.883248,,0.883248,1.019448,,1.047379,,1.07439,,1.088946,,0.849683,,,
0.854,0.885476,0.90098,1.058426,1.036607,1.006903,0.979256,0.90098,,0.90098,0.979256,,1.006903,,1.036607,,1.058426,,0.851473,,,
0.855,0.791884,0.837748,1.018444,0.987663,0.953148,0.923044,0.837748,,0.837748,0.923044,,0.953148,,0.987663,,1.018444,,0.848493,,,
0.856,0.893051,0.808524,0.999635,0.96874,0.938124,0.914046,0.808524,,0.808524,0.914046,,0.938124,,0.96874,,0.999635,,0.850721,,,
0.857,0.941603,0.830255,0.990931,0.963313,0.938994,0.922313,0.830255,,0.830255,0.922313,,0.938994,,0.963313,,0.990931,,0.855265,,,
0.858,0.269936,0.825864,0.882781,0.824637,0.771729,0.7266,0.825864,,0.825864,0.7266,,0.771729,,0.824637,,0.882781,,0.825999,,,
0.859,1.098462,0.829855,0.915133,0.879402,0.853412,0.838159,0.829855,,0.829855,0.838159,,0.853412,,0.879402,,0.915133,,0.839622,,,
0.86,0.656451,0.871204,0.876331,0.834812,0.804172,0.783646,0.871204,,0.871204,0.783646,,0.804172,,0.834812,,0.876331,,0.830463,,,
0.861,0.569994,0.859566,0.830381,0.781848,0.745628,0.719551,0.859566,,0.859566,0.719551,,0.745628,,0.781848,,0.830381,,0.81744,,,
0.862,1.02981,0.86024,0.860295,0.831441,0.816673,0.812628,0.86024,,0.86024,0.812628,,0.816673,,0.831441,,0.860295,,0.828058,,,
0.863,1.104752,0.846133,0.896964,0.886103,0.888693,0.900266,0.846133,,0.846133,0.900266,,0.888693,,0.886103,,0.896964,,0.841893,,,
0.864,0.886987,0.90113,0.895467,0.88628,0.888266,0.896282,0.90113,,0.90113,0.896282,,0.888266,,0.88628,,0.895467,,0.844148,,,
0.865,1.340316,0.882422,0.962194,0.977087,1.001279,1.029492,0.882422,,0.882422,1.029492,,1.001279,,0.977087,,0.962194,,0.868956,,,
0.866,0.663865,0.861471,0.917445,0.914443,0.916925,0.919804,0.861471,,0.861471,0.919804,,0.916925,,0.914443,,0.917445,,0.858702,,,
0.867,0.900462,0.888766,0.914898,0.911647,0.91281,0.914001,0.888766,,0.888766,0.914001,,0.91281,,0.911647,,0.914898,,0.86079,,,
0.868,0.786423,0.850347,0.895626,0.886602,0.881213,0.875728,0.850347,,0.850347,0.875728,,0.881213,,0.886602,,0.895626,,0.857071,,,
0.869,0.874908,0.747295,0.892519,0.884263,0.879637,0.875482,0.747295,,0.747295,0.875482,,0.879637,,0.884263,,0.892519,,0.857963,,,
0.87,0.892676,0.659344,0.892542,0.885946,0.882897,0.88064,0.659344,,0.659344,0.88064,,0.882897,,0.885946,,0.892542,,0.859699,,,
0.871,0.425984,0.582101,0.822558,0.793953,0.768668,0.744243,0.582101,,0.582101,0.744243,,0.768668,,0.793953,,0.822558,,0.838013,,,
0.872,0.870241,0.561133,0.829711,0.809211,0.794062,0.782043,0.561133,,0.561133,0.782043,,0.794062,,0.809211,,0.829711,,0.839624,,,
0.873,0.607208,0.523713,0.796335,0.76881,0.747348,0.729592,0.523713,,0.523713,0.729592,,0.747348,,0.76881,,0.796335,,0.828004,,,
0.874,-0.028827,0.501557,0.672561,0.609283,0.553304,0.502066,0.501557,,0.501557,0.502066,,0.553304,,0.609283,,0.672561,,0.785162,,,
0.875,-0.080471,0.481607,0.559606,0.471332,0.394861,0.327305,0.481607,,0.481607,0.327305,,0.394861,,0.471332,,0.559606,,0.74188,,,
0.876,0.49064,0.483016,0.549261,0.475194,0.418805,0.376306,0.483016,,0.483016,0.376306,,0.418805,,0.475194,,0.549261,,0.729318,,,
0.877,0.433218,0.473386,0.531855,0.466799,0.422409,0.393379,0.473386,,0.473386,0.393379,,0.422409,,0.466799,,0.531855,,0.714513,,,
0.878,0.488841,0.423296,0.525403,0.471207,0.439017,0.422018,0.423296,,0.423296,0.422018,,0.439017,,0.471207,,0.525403,,0.70323,,,
0.879,0.542709,0.399365,0.527999,0.485507,0.46494,0.458225,0.399365,,0.399365,0.458225,,0.46494,,0.485507,,0.527999,,0.695204,,,
0.88,0.655453,0.469319,0.547117,0.519497,0.512568,0.517394,0.469319,,0.469319,0.517394,,0.512568,,0.519497,,0.547117,,0.693216,,,
0.881,0.908182,0.566587,0.601277,0.597234,0.611472,0.63463,0.566587,,0.566587,0.63463,,0.611472,,0.597234,,0.601277,,0.703964,,,
0.882,0.320052,0.561033,0.559093,0.541797,0.538617,0.540257,0.561033,,0.561033,0.540257,,0.538617,,0.541797,,0.559093,,0.684769,,,
0.883,0.319253,0.497574,0.523117,0.497288,0.483776,0.473956,0.497574,,0.497574,0.473956,,0.483776,,0.497288,,0.523117,,0.666493,,,
0.884,0.343968,0.443075,0.496245,0.466624,0.448824,0.434959,0.443075,,0.443075,0.434959,,0.448824,,0.466624,,0.496245,,0.650367,,,
0.885,0.740665,0.399111,0.532908,0.521432,0.521784,0.526671,0.399111,,0.399111,0.526671,,0.521784,,0.521432,,0.532908,,0.654882,,,
0.886,0.989475,0.344058,0.601393,0.615041,0.638707,0.665512,0.344058,,0.344058,0.665512,,0.638707,,0.615041,,0.601393,,0.671611,,,
0.887,0.429549,0.262279,0.575616,0.577943,0.586417,0.594723,0.262279,,0.262279,0.594723,,0.586417,,0.577943,,0.575616,,0.659508,,,
0.888,-0.264828,0.239357,0.44955,0.409388,0.373606,0.336858,0.239357,,0.239357,0.336858,,0.373606,,0.409388,,0.44955,,0.613291,,,
0.889,-0.110657,0.201575,0.365519,0.305379,0.25254,0.202603,0.201575,,0.201575,0.202603,,0.25254,,0.305379,,0.365519,,0.577094,,,
0.89,0.059106,0.194963,0.319557,0.256125,0.204182,0.159554,0.194963,,0.194963,0.159554,,0.204182,,0.256125,,0.319557,,0.551195,,,
0.891,0.049869,0.103295,0.279104,0.214874,0.165604,0.126649,0.103295,,0.103295,0.126649,,0.165604,,0.214874,,0.279104,,0.526128,,,
0.892,0.008616,-0.016329,0.23853,0.173622,0.126357,0.091239,-0.016329,,0.016329,0.091239,,0.126357,,0.173622,,0.23853,,0.500253,,,
0.893,0.067914,-0.047298,0.212938,0.15248,0.111746,0.084241,-0.047298,,0.047298,0.084241,,0.111746,,0.15248,,0.212938,,0.478636,,,
0.894,-0.096354,-0.067867,0.166544,0.102714,0.059721,0.030063,-0.067867,,0.067867,0.030063,,0.059721,,0.102714,,0.166544,,0.449886,,,
0.895,0.271236,-0.047179,0.182248,0.136418,0.1126,0.102415,-0.047179,,0.047179,0.102415,,0.1126,,0.136418,,0.182248,,0.440954,,,
0.896,-0.267683,-0.046992,0.114758,0.055598,0.017529,-0.008615,-0.046992,,0.046992,0.008615,,0.017529,,0.055598,,0.114758,,0.405522,,,
0.897,-0.32639,-0.050568,0.048586,-0.0208,-0.068451,-0.103947,-0.050568,,0.050568,0.103947,,0.068451,,0.0208,,0.048586,,0.368926,,,
0.898,0.088896,-0.001881,0.054633,0.001139,-0.029114,-0.046094,-0.001881,,0.001881,0.046094,,0.029114,,0.001139,,0.054633,,0.354925,,,
0.899,-0.491085,-0.019126,-0.027225,-0.097305,-0.144607,-0.179591,-0.019126,,0.019126,0.179591,,0.144607,,0.097305,,0.027225,,0.312624,,,
0.9,0.116908,0.049784,-0.005605,-0.054463,-0.079228,-0.090642,0.049784,,0.049784,0.090642,,0.079228,,0.054463,,0.005605,,0.302839,,,
0.901,0.061159,0.019235,0.004409,-0.031338,-0.044131,-0.045101,0.019235,,0.019235,0.045101,,0.044131,,0.031338,,0.004409,,0.290755,,,
0.902,0.010534,0.003621,0.005328,-0.022964,-0.030465,-0.028411,0.003621,,0.003621,0.028411,,0.030465,,0.022964,,0.005328,,0.276744,,,
0.903,0.544178,0.023278,0.086156,0.090464,0.113196,0.143366,0.023278,,0.023278,0.143366,,0.113196,,0.090464,,0.086156,,0.290115,,,
0.904,-0.121784,-0.0339,0.054965,0.048015,0.054451,0.063821,-0.0339,,0.0339,0.063821,,0.054451,,0.048015,,0.054965,,0.26952,,,
0.905,0.661655,-0.037851,0.145968,0.170743,0.206252,0.243171,-0.037851,,0.037851,0.243171,,0.206252,,0.170743,,0.145968,,0.289127,,,
0.906,-0.064799,-0.074063,0.114353,0.123634,0.138489,0.15078,-0.074063,,0.074063,0.15078,,0.138489,,0.123634,,0.114353,,0.271431,,,
0.907,-0.439445,-0.108624,0.031283,0.011019,-0.005994,-0.026287,-0.108624,,0.108624,0.026287,,0.005994,,0.011019,,0.031283,,0.235887,,,
0.908,-0.110157,-0.177363,0.010067,-0.013217,-0.032035,-0.051448,-0.177363,,0.177363,0.051448,,0.032035,,0.013217,,0.010067,,0.218585,,,
0.909,-0.540061,-0.255904,-0.072452,-0.118585,-0.159042,-0.198032,-0.255904,,0.255904,0.198032,,0.159042,,0.118585,,0.072452,,0.180652,,,
0.91,-0.534544,-0.272718,-0.141766,-0.201777,-0.252917,-0.298986,-0.272718,,0.272718,0.298986,,0.252917,,0.201777,,0.141766,,0.144893,,,
0.911,-0.281431,-0.354784,-0.162715,-0.217708,-0.260046,-0.293719,-0.354784,,0.354784,0.293719,,0.260046,,0.217708,,0.162715,,0.123576,,,
0.912,-0.319007,-0.395441,-0.186159,-0.237968,-0.274786,-0.301306,-0.395441,,0.395441,0.301306,,0.274786,,0.237968,,0.186159,,0.101447,,,
0.913,-0.745602,-0.377705,-0.270076,-0.339495,-0.39249,-0.434595,-0.377705,,0.377705,0.434595,,0.39249,,0.339495,,0.270076,,0.059095,,,
0.914,-0.319769,-0.475703,-0.27753,-0.335549,-0.37431,-0.400147,-0.475703,,0.475703,0.400147,,0.37431,,0.335549,,0.27753,,0.040152,,,
0.915,-0.306738,-0.488711,-0.281911,-0.329787,-0.357417,-0.372124,-0.488711,,0.488711,0.372124,,0.357417,,0.329787,,0.281911,,0.022807,,,
0.916,-0.241074,-0.513862,-0.275785,-0.312045,-0.328331,-0.332809,-0.513862,,0.513862,0.332809,,0.328331,,0.312045,,0.275785,,0.009613,,,
0.917,-0.512021,-0.532287,-0.311221,-0.35204,-0.374254,-0.386573,-0.532287,,0.532287,0.386573,,0.374254,,0.35204,,0.311221,,0.016469,,,
0.918,-0.244355,-0.564281,-0.301191,-0.330503,-0.341779,-0.343907,-0.564281,,0.564281,0.343907,,0.341779,,0.330503,,0.301191,,0.027863,,,
0.919,-1.188126,-0.54597,-0.434231,-0.502027,-0.553366,-0.597173,-0.54597,,0.54597,0.597173,,0.553366,,0.502027,,0.434231,,0.085876,,,
0.92,-0.683157,-0.511669,-0.47157,-0.538253,-0.585814,-0.622968,-0.511669,,0.511669,0.622968,,0.585814,,0.538253,,0.47157,,0.11574,,,
0.921,-0.811205,-0.53739,-0.522515,-0.592844,-0.642161,-0.679439,-0.53739,,0.53739,0.679439,,0.642161,,0.592844,,0.522515,,0.150513,,,
0.922,-0.484099,-0.557671,-0.516753,-0.571095,-0.602646,-0.620837,-0.557671,,0.557671,0.620837,,0.602646,,0.571095,,0.516753,,0.167193,,,
0.923,-0.670943,-0.576818,-0.539881,-0.591064,-0.61972,-0.635869,-0.576818,,0.576818,0.635869,,0.61972,,0.591064,,0.539881,,0.19238,,,
0.924,-0.544183,-0.618753,-0.540527,-0.581688,-0.600836,-0.608363,-0.618753,,0.618753,0.608363,,0.600836,,0.581688,,0.540527,,0.20997,,,
0.925,0.057546,-0.584125,-0.450816,-0.453841,-0.43624,-0.40859,-0.584125,,0.584125,0.40859,,0.43624,,0.453841,,0.450816,,0.196595,,,
0.926,-0.589673,-0.5906,-0.471644,-0.481008,-0.474599,-0.462915,-0.5906,,0.5906,0.462915,,0.474599,,0.481008,,0.471644,,0.216248,,,
0.927,-0.46417,-0.572517,-0.470523,-0.47764,-0.471991,-0.463292,-0.572517,,0.572517,0.463292,,0.471991,,0.47764,,0.470523,,0.228645,,,
0.928,-0.722637,-0.576538,-0.50834,-0.526639,-0.534653,-0.541095,-0.576538,,0.576538,0.541095,,0.534653,,0.526639,,0.50834,,0.253344,,,
0.929,-0.705638,-0.604055,-0.537935,-0.562439,-0.577399,-0.590458,-0.604055,,0.604055,0.590458,,0.577399,,0.562439,,0.537935,,0.275959,,,
0.93,-0.807212,-0.637688,-0.578326,-0.611394,-0.634852,-0.655484,-0.637688,,0.637688,0.655484,,0.634852,,0.611394,,0.578326,,0.302521,,,
0.931,-0.754387,-0.773855,-0.604736,-0.639992,-0.664736,-0.685155,-0.773855,,0.773855,0.685155,,0.664736,,0.639992,,0.604736,,0.325115,,,
0.932,-0.612293,-0.820787,-0.605869,-0.634453,-0.651625,-0.663296,-0.820787,,0.820787,0.663296,,0.651625,,0.634453,,0.605869,,0.339474,,,
0.933,-0.528327,-0.848158,-0.594238,-0.613227,-0.620801,-0.622806,-0.848158,,0.848158,0.622806,,0.620801,,0.613227,,0.594238,,0.348916,,,
0.934,-0.973632,-0.849999,-0.651147,-0.685308,-0.709009,-0.728054,-0.849999,,0.849999,0.728054,,0.709009,,0.685308,,0.651147,,0.380152,,,
0.935,-0.914142,-0.866539,-0.690596,-0.731075,-0.760292,-0.78388,-0.866539,,0.866539,0.78388,,0.760292,,0.731075,,0.690596,,0.406852,,,
0.936,-1.440298,-0.850662,-0.803051,-0.87292,-0.930293,-0.980805,-0.850662,,0.850662,0.980805,,0.930293,,0.87292,,0.803051,,0.458524,,,
0.937,-1.105921,-0.846063,-0.848482,-0.91952,-0.9742,-1.01834,-0.846063,,0.846063,1.01834,,0.9742,,0.91952,,0.848482,,0.490894,,,
0.938,-0.765247,-0.831675,-0.835997,-0.888665,-0.921962,-0.942412,-0.831675,,0.831675,0.942412,,0.921962,,0.888665,,0.835997,,0.504611,,,
0.939,-0.742894,-0.84776,-0.822031,-0.859511,-0.877195,-0.882557,-0.84776,,0.84776,0.882557,,0.877195,,0.859511,,0.822031,,0.516526,,,
0.94,-0.887574,-0.840557,-0.831863,-0.865124,-0.87979,-0.884062,-0.840557,,0.840557,0.884062,,0.87979,,0.865124,,0.831863,,0.535078,,,
0.941,-0.632572,-0.821195,-0.801969,-0.818613,-0.817985,-0.808615,-0.821195,,0.821195,0.808615,,0.817985,,0.818613,,0.801969,,0.539953,,,
0.942,-0.703796,-0.84598,-0.787243,-0.79565,-0.789438,-0.777169,-0.84598,,0.84598,0.777169,,0.789438,,0.79565,,0.787243,,0.548145,,,
0.943,-0.454021,-0.815042,-0.73726,-0.727324,-0.705584,-0.680225,-0.815042,,0.815042,0.680225,,0.705584,,0.727324,,0.73726,,0.543439,,,
0.944,-0.705268,-0.930222,-0.732461,-0.722913,-0.705505,-0.687738,-0.930222,,0.930222,0.687738,,0.705505,,0.722913,,0.732461,,0.55153,,,
0.945,-0.894398,-1.000599,-0.756752,-0.75721,-0.752728,-0.749736,-1.000599,,1.000599,0.749736,,0.752728,,0.75721,,0.756752,,0.568674,,,
0.946,-0.701151,-1.004072,-0.748411,-0.745998,-0.739834,-0.73516,-1.004072,,1.004072,0.73516,,0.739834,,0.745998,,0.748411,,0.575297,,,
0.947,-1.712937,-1.034959,-0.89309,-0.939386,-0.98311,-1.028493,-1.034959,,1.034959,1.028493,,0.98311,,0.939386,,0.89309,,0.632179,,,
0.948,-0.765604,-1.107895,-0.873967,-0.90463,-0.928733,-0.949627,-1.107895,,1.107895,0.949627,,0.928733,,0.90463,,0.873967,,0.638851,,,
0.949,-2.032227,-1.193525,-1.047706,-1.130149,-1.204607,-1.274407,-1.193525,,1.193525,1.274407,,1.204607,,1.130149,,1.047706,,0.708519,,,
0.95,-1.517039,-1.200003,-1.118106,-1.207527,-1.282715,-1.347196,-1.200003,,1.200003,1.347196,,1.282715,,1.207527,,1.118106,,0.748945,,,
0.951,-0.925779,-1.238486,-1.089257,-1.151177,-1.193481,-1.220771,-1.238486,,1.238486,1.220771,,1.193481,,1.151177,,1.089257,,0.757787,,,
0.952,-0.972325,-1.217004,-1.071717,-1.115407,-1.138192,-1.146237,-1.217004,,1.217004,1.146237,,1.138192,,1.115407,,1.071717,,0.768514,,,
0.953,-1.506094,-1.160074,-1.136874,-1.193544,-1.230167,-1.254194,-1.160074,,1.160074,1.254194,,1.230167,,1.193544,,1.136874,,0.805393,,,
0.954,-1.395957,-1.172264,-1.175736,-1.234027,-1.271615,-1.296723,-1.172264,,1.172264,1.296723,,1.271615,,1.234027,,1.175736,,0.834921,,,
0.955,-0.776526,-1.029879,-1.115855,-1.142527,-1.147843,-1.140664,-1.029879,,1.029879,1.140664,,1.147843,,1.142527,,1.115855,,0.832001,,,
0.956,-1.317708,-0.968309,-1.146133,-1.177563,-1.190309,-1.193777,-0.968309,,0.968309,1.193777,,1.190309,,1.177563,,1.146133,,0.856287,,,
0.957,-0.464844,-0.985322,-1.043939,-1.035019,-1.008943,-0.975097,-0.985322,,0.985322,0.975097,,1.008943,,1.035019,,1.043939,,0.836715,,,
0.958,-1.086716,-0.968644,-1.050356,-1.045359,-1.028386,-1.008583,-0.968644,,0.968644,1.008583,,1.028386,,1.045359,,1.050356,,0.849215,,,
0.959,-0.899686,-0.897663,-1.027755,-1.016224,-0.996211,-0.975914,-0.897663,,0.897663,0.975914,,0.996211,,1.016224,,1.027755,,0.851738,,,
0.96,-0.465994,-0.870797,-0.943491,-0.906178,-0.863657,-0.822938,-0.870797,,0.870797,0.822938,,0.863657,,0.906178,,0.943491,,0.832451,,,
0.961,-0.839769,-0.869553,-0.927933,-0.892896,-0.857685,-0.827987,-0.869553,,0.869553,0.827987,,0.857685,,0.892896,,0.927933,,0.832817,,,
0.962,-1.112923,-0.833543,-0.955681,-0.936902,-0.921494,-0.913468,-0.833543,,0.833543,0.913468,,0.921494,,0.936902,,0.955681,,0.846822,,,
0.963,-0.788869,-0.832145,-0.93066,-0.907295,-0.888338,-0.876088,-0.832145,,0.832145,0.876088,,0.888338,,0.907295,,0.93066,,0.843925,,,
0.964,-0.725299,-0.801979,-0.899855,-0.870896,-0.847578,-0.830851,-0.801979,,0.801979,0.830851,,0.847578,,0.870896,,0.899855,,0.837993,,,
0.965,-1.100429,-0.801449,-0.929941,-0.916802,-0.910791,-0.911725,-0.801449,,0.801449,0.911725,,0.910791,,0.916802,,0.929941,,0.851115,,,
0.966,-0.762845,-0.839432,-0.904877,-0.886011,-0.873804,-0.867061,-0.839432,,0.839432,0.867061,,0.873804,,0.886011,,0.904877,,0.846702,,,
0.967,-0.921596,-0.837738,-0.907385,-0.893128,-0.885752,-0.883421,-0.837738,,0.837738,0.883421,,0.885752,,0.893128,,0.907385,,0.850446,,,
0.968,-0.449464,-0.802643,-0.838697,-0.804395,-0.77668,-0.753234,-0.802643,,0.802643,0.753234,,0.77668,,0.804395,,0.838697,,0.830397,,,
0.969,-0.754894,-0.841754,-0.826126,-0.794495,-0.771234,-0.753732,-0.841754,,0.841754,0.753732,,0.771234,,0.794495,,0.826126,,0.826622,,,
0.97,-0.893856,-0.886689,-0.836286,-0.814367,-0.801889,-0.795769,-0.886689,,0.886689,0.795769,,0.801889,,0.814367,,0.836286,,0.829984,,,
0.971,-0.883813,-0.836046,-0.843415,-0.828256,-0.82237,-0.822182,-0.836046,,0.836046,0.822182,,0.82237,,0.828256,,0.843415,,0.832675,,,
0.972,-0.821134,-0.85277,-0.840073,-0.826832,-0.822061,-0.821868,-0.85277,,0.85277,0.821868,,0.822061,,0.826832,,0.840073,,0.832098,,,
0.973,-0.72687,-0.876265,-0.823092,-0.806839,-0.798263,-0.793369,-0.876265,,0.876265,0.793369,,0.798263,,0.806839,,0.823092,,0.826837,,,
0.974,-1.219094,-0.884638,-0.882493,-0.88929,-0.903471,-0.921086,-0.884638,,0.884638,0.921086,,0.903471,,0.88929,,0.882493,,0.84645,,,
0.975,-1.219583,-0.856809,-0.933056,-0.955349,-0.982499,-1.010635,-0.856809,,0.856809,1.010635,,0.982499,,0.955349,,0.933056,,0.865106,,,
0.976,-0.543355,-0.862776,-0.874601,-0.87295,-0.872713,-0.870451,-0.862776,,0.862776,0.870451,,0.872713,,0.87295,,0.874601,,0.849019,,,
0.977,-0.946816,-0.814195,-0.885433,-0.887723,-0.891239,-0.893361,-0.814195,,0.814195,0.893361,,0.891239,,0.887723,,0.885433,,0.853909,,,
0.978,-1.180034,-0.751052,-0.929623,-0.946185,-0.963438,-0.979363,-0.751052,,0.751052,0.979363,,0.963438,,0.946185,,0.929623,,0.870215,,,
0.979,-0.541567,-0.701267,-0.871415,-0.865262,-0.85797,-0.848024,-0.701267,,0.701267,0.848024,,0.85797,,0.865262,,0.871415,,0.853782,,,
0.98,-0.448774,-0.596294,-0.808019,-0.781964,-0.755671,-0.728249,-0.596294,,0.596294,0.728249,,0.755671,,0.781964,,0.808019,,0.833532,,,
0.981,-0.959495,-0.545136,-0.83074,-0.81747,-0.806627,-0.797623,-0.545136,,0.545136,0.797623,,0.806627,,0.81747,,0.83074,,0.83983,,,
0.982,-0.349425,-0.508107,-0.758543,-0.723861,-0.692326,-0.663163,-0.508107,,0.508107,0.663163,,0.692326,,0.723861,,0.758543,,0.81531,,,
0.983,-0.126563,-0.453065,-0.663746,-0.604402,-0.550886,-0.502183,-0.453065,,0.453065,0.502183,,0.550886,,0.604402,,0.663746,,0.780873,,,
0.984,-0.179226,-0.384132,-0.591068,-0.519367,-0.457971,-0.405296,-0.384132,,0.384132,0.405296,,0.457971,,0.519367,,0.591068,,0.75079,,,
0.985,-0.064396,-0.339249,-0.512067,-0.428372,-0.359577,-0.303026,-0.339249,,0.339249,0.303026,,0.359577,,0.428372,,0.512067,,0.716471,,,
0.986,-0.656849,-0.289088,-0.533784,-0.474068,-0.433895,-0.409173,-0.289088,,0.289088,0.409173,,0.433895,,0.474068,,0.533784,,0.713489,,,
0.987,-0.136032,-0.186219,-0.474122,-0.406461,-0.359429,-0.327231,-0.186219,,0.186219,0.327231,,0.359429,,0.406461,,0.474122,,0.684617,,,
0.988,-0.341353,-0.153136,-0.454206,-0.393439,-0.35491,-0.331467,-0.153136,,0.153136,0.331467,,0.35491,,0.393439,,0.454206,,0.667453,,,
0.989,-0.421772,-0.178949,-0.449341,-0.399106,-0.371626,-0.358559,-0.178949,,0.178949,0.358559,,0.371626,,0.399106,,0.449341,,0.655169,,,
0.99,-0.04785,-0.18544,-0.389117,-0.328855,-0.290682,-0.265346,-0.18544,,0.18544,0.265346,,0.290682,,0.328855,,0.389117,,0.624803,,,
0.991,0.102988,-0.187358,-0.315302,-0.242486,-0.192264,-0.154846,-0.187358,,0.187358,0.154846,,0.192264,,0.242486,,0.315302,,0.588414,,,
0.992,0.172064,-0.147604,-0.242197,-0.159576,-0.101182,-0.056773,-0.147604,,0.147604,0.056773,,0.101182,,0.159576,,0.242197,,0.55039,,,
0.993,0.014496,-0.148067,-0.203693,-0.124762,-0.072263,-0.035392,-0.148067,,0.148067,0.035392,,0.072263,,0.124762,,0.203693,,0.522146,,,
0.994,-0.410513,-0.103042,-0.234716,-0.181912,-0.156825,-0.147928,-0.103042,,0.103042,0.147928,,0.156825,,0.181912,,0.234716,,0.516564,,,
0.995,-0.250618,-0.071169,-0.237101,-0.195653,-0.180273,-0.178735,-0.071169,,0.071169,0.178735,,0.180273,,0.195653,,0.237101,,0.503267,,,
0.996,-0.085498,-0.073761,-0.214361,-0.173622,-0.15658,-0.150764,-0.073761,,0.073761,0.150764,,0.15658,,0.173622,,0.214361,,0.482378,,,
0.997,-0.219558,-0.095854,-0.21514,-0.182809,-0.172324,-0.171402,-0.095854,,0.095854,0.171402,,0.172324,,0.182809,,0.21514,,0.469237,,,
0.998,-0.141118,-0.134128,-0.204037,-0.174471,-0.164523,-0.162317,-0.134128,,0.134128,0.162317,,0.164523,,0.174471,,0.204037,,0.452831,,,
0.999,0.153912,-0.158899,-0.150345,-0.108794,-0.084914,-0.067448,-0.158899,,0.158899,0.067448,,0.084914,,0.108794,,0.150345,,0.422494,,,
